{
"type": "FeatureCollection",
"name": "admin1",
"crs": { "type": "name", "properties": { "name": "urn:ogc:def:crs:OGC:1.3:CRS84" } },
"features": [
{ "type": "Feature", "properties": { "province": "Bengo" }, "geometry": { "type": "Polygon", "coordinates": [ [ [ 14.195855140000049, -9.638799666999944 ], [ 14.251076698000134, -9.632089614999927 ], [ 14.271903991000102, -9.63957118999997 ], [ 14.288059235000048, -9.678453444999946 ], [ 14.305289268000081, -9.69011306799996 ], [ 14.342200279999986, -9.693696021999926 ], [ 14.389912606000166, -9.682002067999974 ], [ 14.449893951000149, -9.705576895999911 ], [ 14.467107773000123, -9.716400145999955 ], [ 14.487698555000122, -9.751383781999948 ], [ 14.518141747000129, -9.761033057999953 ], [ 14.539070130000084, -9.783843040999898 ], [ 14.57571144100018, -9.767789650999816 ], [ 14.58874988600013, -9.963179588999935 ], [ 14.539489747000061, -10.025959013999966 ], [ 14.545091630000059, -10.055658339999979 ], [ 14.591270446000124, -10.130299567999941 ], [ 14.591864586000099, -10.152508735999902 ], [ 14.566381455000055, -10.169734000999881 ], [ 14.555328369000165, -10.191394805999948 ], [ 14.571497917000045, -10.239960670999892 ], [ 14.618438175999984, -10.27760832599995 ], [ 14.629871368000067, -10.322095869999828 ], [ 14.605292321000093, -10.387899398999878 ], [ 14.561325901000089, -10.439743435999958 ], [ 14.512745857000084, -10.428201674999968 ], [ 14.487769126000046, -10.413779258999966 ], [ 14.409417152000117, -10.321395874999894 ], [ 14.361988067000084, -10.314765928999975 ], [ 14.316737174000139, -10.285096168999928 ], [ 14.247404098000061, -10.275710105999849 ], [ 14.224387169000124, -10.273784636999949 ], [ 14.152364732000024, -10.304638861999877 ], [ 14.091223717000162, -10.367401122999922 ], [ 14.065732955000101, -10.375739096999951 ], [ 14.022273063000114, -10.406837463999921 ], [ 14.010352135000176, -10.406283377999898 ], [ 13.990896225000142, -10.384635925999874 ], [ 13.950660705000075, -10.368262290999951 ], [ 13.842878342000063, -10.382141113999978 ], [ 13.836462974000028, -10.364657401999921 ], [ 13.775788308000131, -10.364377021999928 ], [ 13.739177703000109, -10.345227241999964 ], [ 13.728101731000095, -10.346336363999967 ], [ 13.735905647000095, -10.36381721499987 ], [ 13.716263771000115, -10.368809698999939 ], [ 13.661470414000178, -10.285865782999906 ], [ 13.598524094000084, -10.250421523999933 ], [ 13.575569153000174, -10.250474928999893 ], [ 13.567145347, -10.222757339999816 ], [ 13.524259567000115, -10.212605476999954 ], [ 13.499017504000108, -10.242228012999931 ], [ 13.487001945000088, -10.231929021999974 ], [ 13.457176632000142, -10.185683567999888 ], [ 13.456601325, -10.163220544999888 ], [ 13.438266295000176, -10.121177425999974 ], [ 13.363320638000118, -10.048019172999943 ], [ 13.361609243000032, -10.034783969999978 ], [ 13.313277608000078, -9.982908157999873 ], [ 13.31128707300013, -9.977162950999968 ], [ 13.333805631000075, -9.972284697999896 ], [ 13.341990550000105, -9.948748826999974 ], [ 13.311439661000122, -9.890025578999882 ], [ 13.313680325000064, -9.869493892999969 ], [ 13.286003993, -9.815801399999941 ], [ 13.196250582000118, -9.687027930999932 ], [ 13.195890350000184, -9.67865175299994 ], [ 13.227923632000113, -9.659069203999877 ], [ 13.236610795000104, -9.636304663999908 ], [ 13.226272430000108, -9.606439246999912 ], [ 13.193768040000066, -9.558430947999966 ], [ 13.201561580000089, -9.551934536999909 ], [ 13.205555725000067, -9.524972533999971 ], [ 13.170277595000073, -9.46202773999994 ], [ 13.177684943000088, -9.413101831999938 ], [ 13.15288117700004, -9.350029393999932 ], [ 13.164655197000116, -9.323464810999951 ], [ 13.172666502000084, -9.318181065999966 ], [ 13.173681586000043, -9.329359217999979 ], [ 13.186234702000093, -9.32672162199998 ], [ 13.196262818000093, -9.305184924999935 ], [ 13.19282374800008, -9.293396956999914 ], [ 13.203208080000081, -9.290198969999892 ], [ 13.219335296000054, -9.267207780999911 ], [ 13.22867202700013, -9.210216044999981 ], [ 13.250157834, -9.18748521699996 ], [ 13.283409595000137, -9.17835044799989 ], [ 13.302504948000092, -9.155760355999973 ], [ 13.322273663000033, -9.149472100999958 ], [ 13.375183582999966, -9.167263030999891 ], [ 13.385507902000029, -9.179275194999946 ], [ 13.388778845000047, -9.156412283999884 ], [ 13.396167755000022, -9.154782295999951 ], [ 13.454219816999966, -9.160967825999876 ], [ 13.46812410400014, -9.170296286999871 ], [ 13.474345684000127, -9.16392517099996 ], [ 13.466513633000034, -9.06945800799997 ], [ 13.494011551000085, -8.979174172999933 ], [ 13.527372361000062, -8.951684474999979 ], [ 13.52679443300002, -8.897945402999881 ], [ 13.605339000000129, -8.856892998999967 ], [ 13.633978038000066, -8.853314441999885 ], [ 13.633379972000171, -8.846697133999953 ], [ 13.523567286000116, -8.650883847999978 ], [ 13.475519090000034, -8.675770879999902 ], [ 13.393313499000101, -8.620549019999942 ], [ 13.372583771000166, -8.584000014999958 ], [ 13.369161950000091, -8.536983131999875 ], [ 13.34583187100003, -8.471528053999975 ], [ 13.352083630000152, -8.466111288999969 ], [ 13.374120416000039, -8.471941120999929 ], [ 13.388628483000048, -8.457837282999947 ], [ 13.387973381000052, -8.414417893999939 ], [ 13.396613926000043, -8.4068056939999 ], [ 13.390416622000146, -8.381735800999934 ], [ 13.365032536, -8.325366453999948 ], [ 13.266401250000172, -8.175697434999961 ], [ 13.264727473000164, -8.135752756999921 ], [ 13.214653254000098, -8.07469860599997 ], [ 13.1801162000001, -7.998883599999942 ], [ 13.186022550000132, -7.994823381999936 ], [ 13.181203167000035, -7.984166082999934 ], [ 13.151845324000078, -7.947496065999928 ], [ 13.147222429000124, -7.913908570999979 ], [ 13.099692214000186, -7.843908713999895 ], [ 13.104467500000055, -7.827616 ], [ 13.11175077300004, -7.843446908999965 ], [ 13.131330969000089, -7.84950416199996 ], [ 13.131115905000058, -7.841560585999957 ], [ 13.145015982000075, -7.844168294999974 ], [ 13.140704481000114, -7.83518511099993 ], [ 13.151898067000047, -7.823287132999951 ], [ 13.130023249999965, -7.810578666999959 ], [ 13.104074351000122, -7.822733237999955 ], [ 13.08867432400001, -7.801825715999939 ], [ 13.168093841000029, -7.786478020999823 ], [ 13.21754477900015, -7.767165090999981 ], [ 13.253146086000186, -7.733583962999944 ], [ 13.291426830000091, -7.748356908999938 ], [ 13.313203906000183, -7.715490907999936 ], [ 13.399591445000112, -7.691564082999946 ], [ 13.420128822000038, -7.698432921999938 ], [ 13.47569465600003, -7.739896772999941 ], [ 13.513023376000035, -7.736268042999882 ], [ 13.53647232100019, -7.718499182999949 ], [ 13.590324402000022, -7.71131181599992 ], [ 13.607155799000111, -7.700209140999903 ], [ 13.626495362000185, -7.702175139999952 ], [ 13.656303407000166, -7.676365852999936 ], [ 13.686681748000012, -7.668893812999954 ], [ 13.705752373999985, -7.677248 ], [ 13.729235649000145, -7.675054073999945 ], [ 13.824855805000027, -7.619830131999947 ], [ 13.86660766600005, -7.630715846999976 ], [ 13.955671310000184, -7.632183074999887 ], [ 13.978635788000076, -7.624415873999908 ], [ 14.071067810000045, -7.632270811999945 ], [ 14.114527702000032, -7.628127097999936 ], [ 14.136403084000051, -7.635368824999944 ], [ 14.15579414299998, -7.658174037999856 ], [ 14.155243874000064, -7.680140972999936 ], [ 14.176848412000083, -7.699335096999903 ], [ 14.198733329999982, -7.706852911999931 ], [ 14.237528800000064, -7.745789050999917 ], [ 14.294088363000128, -7.822257994999973 ], [ 14.339072705000149, -7.859190939999962 ], [ 14.457100869000158, -7.906208990999914 ], [ 14.551624297999979, -7.902042865999931 ], [ 14.651964188000022, -7.876469134999923 ], [ 14.700758934000191, -7.882581233999929 ], [ 14.723778725000159, -7.901758192999978 ], [ 14.728784560000179, -7.927599905999955 ], [ 14.716363908000119, -8.023488043999919 ], [ 14.720012664000024, -8.090186118999952 ], [ 14.713373185000023, -8.112698554999952 ], [ 14.65188026400017, -8.205251693999969 ], [ 14.638878821999981, -8.251665113999934 ], [ 14.637527466000108, -8.303074835999894 ], [ 14.655744552000158, -8.358926772999951 ], [ 14.591595649000112, -8.392490387999942 ], [ 14.459315300000128, -8.394519805999892 ], [ 14.426319122000109, -8.385902403999978 ], [ 14.381961822999983, -8.387296676999881 ], [ 14.28578472099997, -8.447327612999914 ], [ 14.271930695000151, -8.471508025999981 ], [ 14.267239570000072, -8.517646789999958 ], [ 14.278890611000122, -8.540717123999855 ], [ 14.330765724000173, -8.579348563999929 ], [ 14.341850282, -8.598739050999939 ], [ 14.383526802000063, -8.718315123999901 ], [ 14.372467994999965, -8.764739990999942 ], [ 14.343646050000075, -8.806714057999898 ], [ 14.273507118000111, -8.856210707999878 ], [ 14.199460983999984, -8.885136602999978 ], [ 14.108194352000055, -8.890728949999925 ], [ 14.084063529000161, -8.932736395999939 ], [ 14.081293105999976, -8.955264090999947 ], [ 14.126523018000057, -8.975817679999977 ], [ 14.148176193000097, -8.996664046999967 ], [ 14.157902719000049, -9.04560470499996 ], [ 14.140703201000179, -9.067302703999871 ], [ 14.093805313000075, -9.078183173999946 ], [ 14.071048736000023, -9.093498228999977 ], [ 14.062441826000054, -9.117977140999869 ], [ 14.084934235000048, -9.139371870999923 ], [ 14.159320831000116, -9.140707968999891 ], [ 14.182644843000105, -9.156540870999947 ], [ 14.195699692000176, -9.17961215899993 ], [ 14.172117233, -9.200484274999894 ], [ 14.169975758000021, -9.224114417999942 ], [ 14.211291313000174, -9.268296241999906 ], [ 14.207694054000171, -9.293045996999922 ], [ 14.162747383000124, -9.332285880999905 ], [ 14.151661874000126, -9.354537963999974 ], [ 14.137836456, -9.423214911999935 ], [ 14.092979431000117, -9.527194976999908 ], [ 14.126036643000077, -9.542449950999924 ], [ 14.143621445, -9.606895446999943 ], [ 14.155029297000112, -9.623829841999964 ], [ 14.195855140000049, -9.638799666999944 ] ] ] } },
{ "type": "Feature", "properties": { "province": "Benguela" }, "geometry": { "type": "Polygon", "coordinates": [ [ [ 14.483207226000047, -13.61468744199982 ], [ 14.485175132000165, -13.659150121999915 ], [ 14.462401390000025, -13.666934011999956 ], [ 14.379123688000107, -13.839735031999965 ], [ 14.363535882000178, -13.864182471999982 ], [ 14.341313363000097, -13.871133802999964 ], [ 14.220517158000121, -13.869768141999941 ], [ 14.094466209000075, -13.842852592999975 ], [ 14.0452766410001, -13.855919837999977 ], [ 13.97699165400013, -13.825106620999975 ], [ 13.946720123000034, -13.820670127999904 ], [ 13.922542572000168, -13.824839590999943 ], [ 13.875876903000062, -13.854563808999956 ], [ 13.851374625000062, -13.855131147999828 ], [ 13.756950378000056, -13.839867590999972 ], [ 13.711448669000106, -13.803486822999957 ], [ 13.688120842999979, -13.801265716999922 ], [ 13.541949273, -13.853968620999979 ], [ 13.451173782000126, -13.818015098999979 ], [ 13.406421662000128, -13.843210219999889 ], [ 13.382282256000167, -13.828173636999907 ], [ 13.351556779000134, -13.757013320999931 ], [ 13.295001984000123, -13.686895369999888 ], [ 13.288089752000019, -13.665489196999943 ], [ 13.292563437000069, -13.642165183999964 ], [ 13.315391540000178, -13.59555244399985 ], [ 13.30903720900011, -13.571923254999888 ], [ 13.286833882000053, -13.559638987999847 ], [ 13.218829078000113, -13.540015109999842 ], [ 13.142766976000132, -13.534016803999918 ], [ 13.09755898800006, -13.5125731199999 ], [ 13.085903056000063, -13.51441099099992 ], [ 13.072859882000159, -13.516474861999882 ], [ 13.0555927690001, -13.562058223999884 ], [ 12.981496906000075, -13.582390891999921 ], [ 12.894620948000124, -13.621628879999946 ], [ 12.873001050000084, -13.612754909999978 ], [ 12.82958045200013, -13.575576180999974 ], [ 12.779409943000076, -13.574551540999948 ], [ 12.733259101000158, -13.552720034999879 ], [ 12.662152146000096, -13.546092992999945 ], [ 12.616454063000106, -13.528882012999816 ], [ 12.545249628000022, -13.529092972999933 ], [ 12.545959572000129, -13.502495880999845 ], [ 12.532954181999969, -13.497502772999894 ], [ 12.537477780000188, -13.457516479999981 ], [ 12.526045583000098, -13.450274041999876 ], [ 12.533590786000104, -13.417879999999855 ], [ 12.544308190000095, -13.42184875199996 ], [ 12.550749773000064, -13.402575726999942 ], [ 12.564344857000151, -13.410991856999942 ], [ 12.588823368000021, -13.396440104999954 ], [ 12.61486076000017, -13.358261 ], [ 12.640334882000104, -13.349076587999889 ], [ 12.652129667000168, -13.335416332999955 ], [ 12.651324346000024, -13.311447037999926 ], [ 12.638771769000186, -13.295480614999917 ], [ 12.659089750000021, -13.288078666999979 ], [ 12.645651846000021, -13.282510768999884 ], [ 12.65538762500006, -13.246840291999945 ], [ 12.673970837000013, -13.256400191999887 ], [ 12.706553273000111, -13.2363 ], [ 12.707027760000017, -13.211984359999917 ], [ 12.727841844000181, -13.232266093999954 ], [ 12.747535130000188, -13.218470173999947 ], [ 12.743056000000138, -13.21014 ], [ 12.748955261000162, -13.200960129999942 ], [ 12.781074288000184, -13.195667845999935 ], [ 12.794250600000055, -13.169026399999893 ], [ 12.780444000000102, -13.156014099999879 ], [ 12.818629261000012, -13.131346521999944 ], [ 12.829027667000105, -13.138703832999909 ], [ 12.841884571000037, -13.11527785699991 ], [ 12.876667000000168, -13.103527499999871 ], [ 12.918969917000084, -13.030855689999953 ], [ 12.942345059000047, -13.016528234999953 ], [ 12.967492033000099, -12.983133399999872 ], [ 12.978289409000126, -12.982502544999932 ], [ 12.977222, -12.95891679999994 ], [ 12.939166, -12.86474979999997 ], [ 12.940065316000187, -12.834553894999829 ], [ 12.969455308000079, -12.820277614999952 ], [ 13.010270743000035, -12.773255056999972 ], [ 13.138053056, -12.670763 ], [ 13.150677941000026, -12.636200881999969 ], [ 13.196076750000145, -12.600138874999914 ], [ 13.201720522000073, -12.598487838999915 ], [ 13.207693600000141, -12.61492109999989 ], [ 13.235278500000049, -12.622360499999843 ], [ 13.262342926000144, -12.604585629999974 ], [ 13.266587802000174, -12.584691400999873 ], [ 13.299527417000036, -12.582543189999967 ], [ 13.320095363000064, -12.608647546999975 ], [ 13.34407440800004, -12.61236127199993 ], [ 13.380392613000026, -12.592071201999943 ], [ 13.41962105000016, -12.548883288999889 ], [ 13.472748617999969, -12.51153911099982 ], [ 13.484630426000024, -12.481221834999928 ], [ 13.477903684000182, -12.45569435699997 ], [ 13.517438924000032, -12.371194167999931 ], [ 13.54567093300011, -12.34351853499993 ], [ 13.557310814000175, -12.352429434999976 ], [ 13.578757980000091, -12.343411835999973 ], [ 13.651250005000179, -12.245346784999924 ], [ 13.673618507000185, -12.149917125999934 ], [ 13.709144195000079, -12.100522994999835 ], [ 13.726561070000059, -11.990136741999947 ], [ 13.761878767000098, -11.958545182999956 ], [ 13.798052732000031, -11.772460608999893 ], [ 13.90360641500007, -11.763142585999958 ], [ 13.973207474, -11.793853760999923 ], [ 14.044415475000051, -11.772428512999966 ], [ 14.091999053, -11.78291893099987 ], [ 14.100259780000044, -11.804593085999954 ], [ 14.106204034000029, -11.879845617999877 ], [ 14.121680259000016, -11.90149211899984 ], [ 14.17180061300013, -11.916728973999966 ], [ 14.196434022000176, -11.935313223999913 ], [ 14.223790169000097, -11.982213019999961 ], [ 14.244818687000077, -12.002751349999869 ], [ 14.29530239200011, -11.981352806999951 ], [ 14.352263451000169, -11.889434814999902 ], [ 14.374462127000129, -11.874155043999963 ], [ 14.446578979000151, -11.834423063999964 ], [ 14.472640037000133, -11.82802772499997 ], [ 14.495640755000011, -11.83218479199985 ], [ 14.525472641000079, -11.859862326999973 ], [ 14.612178803000177, -11.972376823999866 ], [ 14.672479629000065, -12.091496467999946 ], [ 14.767852782999967, -12.10314655399992 ], [ 14.814742088000173, -12.079534529999876 ], [ 14.838032722000037, -12.079530714999919 ], [ 14.954995155000063, -12.135610579999877 ], [ 14.976331710000011, -12.150609015999976 ], [ 14.981892586000072, -12.195960044999879 ], [ 15.029027177000103, -12.206648635999898 ], [ 15.024669647000167, -12.358907698999872 ], [ 15.063409805000106, -12.452780722999933 ], [ 15.050351143000171, -12.473611830999971 ], [ 15.075827599000093, -12.51693916399995 ], [ 15.057496071000173, -12.543324469999959 ], [ 14.981763839000166, -12.554995536999968 ], [ 14.931262970000148, -12.577220915999931 ], [ 14.90377903000018, -12.599996565999959 ], [ 14.894439310000109, -12.624324085999945 ], [ 14.824658395000029, -12.661664007999946 ], [ 14.799389839000071, -12.683882711999956 ], [ 14.825413702999981, -12.733321188999923 ], [ 14.809300423000138, -12.754154204999963 ], [ 14.809270859000151, -12.779704093999953 ], [ 14.84719562600003, -12.854142187999912 ], [ 14.847974778000037, -12.900246619999962 ], [ 14.919973374000051, -13.01968097699995 ], [ 14.937067032000016, -13.116619109999874 ], [ 14.9109096520001, -13.188003539999954 ], [ 14.962958335999986, -13.287723539999888 ], [ 14.984294891000161, -13.312439917999939 ], [ 15.051129341999967, -13.342157362999899 ], [ 15.05471325000002, -13.363826750999976 ], [ 15.073833466000053, -13.386879920999945 ], [ 15.116544723000175, -13.403820037999935 ], [ 15.09702205800005, -13.491873740999893 ], [ 15.056792260000122, -13.491045951999979 ], [ 15.008207321000157, -13.511046409999949 ], [ 14.984319687000038, -13.53299140799993 ], [ 14.962401390000082, -13.531050681999943 ], [ 14.941055297000048, -13.513273238999943 ], [ 14.918029785000044, -13.507163999999818 ], [ 14.88831233999997, -13.528554914999916 ], [ 14.805232047000118, -13.618285179999873 ], [ 14.680293083000151, -13.661073684999906 ], [ 14.656695367000054, -13.666072843999927 ], [ 14.506910323000056, -13.601371764999953 ], [ 14.483207226000047, -13.61468744199982 ] ] ] } },
{ "type": "Feature", "properties": { "province": "Bié" }, "geometry": { "type": "Polygon", "coordinates": [ [ [ 17.504129410000019, -11.696387290999894 ], [ 17.552400590000047, -11.704157829999872 ], [ 17.574317931999985, -11.727763175999883 ], [ 17.593734742000038, -11.735819815999946 ], [ 17.608160018000035, -11.723035811999978 ], [ 17.652271270000142, -11.718029022999872 ], [ 17.672523499000079, -11.697192190999885 ], [ 17.679182053000147, -11.67385864299996 ], [ 17.702486038000188, -11.661909102999971 ], [ 17.724958421000167, -11.661624906999918 ], [ 17.747152328000027, -11.63856506399992 ], [ 17.749649047999981, -11.617453574999956 ], [ 17.845081330000028, -11.537152289999881 ], [ 17.851737977000028, -11.507706641999903 ], [ 17.84618186900002, -11.428531646999943 ], [ 17.829807282000104, -11.360753058999876 ], [ 17.885019301000057, -11.40768909499991 ], [ 17.906663895000179, -11.454912185999888 ], [ 17.904447556000036, -11.503527640999891 ], [ 17.91471481300016, -11.521026610999968 ], [ 17.960769653000114, -11.529353140999945 ], [ 18.004602432000183, -11.519068716999982 ], [ 18.048160553000059, -11.559063910999896 ], [ 18.084783554000069, -11.540168760999961 ], [ 18.155527115000041, -11.553769110999951 ], [ 18.283704758, -11.522072792999893 ], [ 18.334480285000041, -11.544012068999905 ], [ 18.358894348999968, -11.539009093999937 ], [ 18.409391403000143, -11.545389174999912 ], [ 18.453227997000056, -11.522597311999959 ], [ 18.535066605000111, -11.438961982999842 ], [ 18.61913108900012, -11.40032481999998 ], [ 18.746480941000129, -11.36223983799988 ], [ 18.79142761200012, -11.365565298999968 ], [ 18.813629150000168, -11.376117705999945 ], [ 18.836936950000052, -11.371667861999981 ], [ 18.847755432000099, -11.350547789999894 ], [ 18.834154129000126, -11.316102980999915 ], [ 18.834428787000093, -11.291098594999937 ], [ 18.808340072000078, -11.261932372999922 ], [ 18.78059005700004, -11.247770308999918 ], [ 18.770042420000152, -11.230545996999922 ], [ 18.79028129600016, -11.153581617999919 ], [ 18.761419296000042, -11.113307952999946 ], [ 18.75364112900013, -11.065798759999836 ], [ 18.760009765000063, -11.019124984999905 ], [ 18.774988174999976, -10.992449759999943 ], [ 18.76838081600016, -10.972307102999878 ], [ 18.894033433000118, -11.038825035999935 ], [ 19.010591507000186, -11.111866950999911 ], [ 19.089969634000113, -11.203812598999946 ], [ 19.187366485999974, -11.212408064999977 ], [ 19.212345124000137, -11.224626539999974 ], [ 19.243154525000136, -11.271574019999889 ], [ 19.247320175000027, -11.293795585999931 ], [ 19.21153068600006, -11.342699049999908 ], [ 19.213199616000111, -11.36909103399995 ], [ 19.195440292000114, -11.393546104999928 ], [ 19.189689637000072, -11.455695151999862 ], [ 19.16159629800012, -11.462726591999967 ], [ 19.141622542000164, -11.492737770999952 ], [ 19.096120835000079, -11.536087036999959 ], [ 19.08613205000006, -11.557201385999974 ], [ 19.079204560000107, -11.644719122999902 ], [ 19.070602417000032, -11.666668890999915 ], [ 19.048406602000057, -11.688343048999911 ], [ 18.979036330999975, -11.69141101799994 ], [ 18.957117081000035, -11.702807426999982 ], [ 18.961004256000081, -11.724198341999909 ], [ 18.982646943000134, -11.743083953999928 ], [ 18.986532212000157, -11.764474868999969 ], [ 18.972105026000179, -11.786980628999913 ], [ 18.948242188000165, -11.788653373999978 ], [ 18.922990800000036, -11.777544020999926 ], [ 18.906621933000054, -11.800605773999905 ], [ 18.891084672000147, -11.866451262999931 ], [ 18.869165420000172, -11.877845763999971 ], [ 18.849744797000142, -11.903683661999878 ], [ 18.840309143000127, -11.927579879999882 ], [ 18.844194412000149, -11.953971863999982 ], [ 18.87360572800003, -12.002584456999898 ], [ 18.871110916000021, -12.039532660999896 ], [ 18.85168647800009, -12.064813612999842 ], [ 18.721271515000069, -12.17984676299983 ], [ 18.720439911000028, -12.203180313999894 ], [ 18.741804122000133, -12.222068786999898 ], [ 18.735141755000029, -12.248183249999954 ], [ 18.7173824300001, -12.269298551999896 ], [ 18.6638278960001, -12.279584883999973 ], [ 18.638853073000178, -12.297647475999895 ], [ 18.621372224000027, -12.328483580999944 ], [ 18.596673966000026, -12.348211287999902 ], [ 18.541730882000081, -12.356275557999936 ], [ 18.438777923000146, -12.450457573999927 ], [ 18.418796539000084, -12.471295356999974 ], [ 18.427112579000038, -12.518799780999871 ], [ 18.420450211000173, -12.542135236999968 ], [ 18.308050156000149, -12.671875953999972 ], [ 18.318307877000052, -12.718823431999965 ], [ 18.310256958000139, -12.739933967999946 ], [ 18.264190674000133, -12.764105795999967 ], [ 18.187587737000115, -12.836338995999824 ], [ 18.173995972000057, -12.814121246999946 ], [ 18.149572373000069, -12.835231780999948 ], [ 18.149843216000022, -12.861348152999881 ], [ 18.188119889000063, -12.930788038999935 ], [ 18.191444397000168, -12.952177046999964 ], [ 18.182558059000144, -12.974678992999884 ], [ 18.157581328999981, -12.981905936999851 ], [ 18.135379791000162, -13.003298758999961 ], [ 18.126209258000131, -13.04718971099993 ], [ 18.055160522000051, -13.07858562499996 ], [ 18.068195342000138, -13.105526924999936 ], [ 18.031274795, -13.151087759999882 ], [ 18.083415985000158, -13.241922378999959 ], [ 18.088951110000096, -13.288590430999875 ], [ 18.082286835000161, -13.309979437999914 ], [ 18.003463744000101, -13.337484358999973 ], [ 17.936840057000097, -13.394714355999895 ], [ 17.96790886000008, -13.439990042999966 ], [ 17.975669861000029, -13.467769621999935 ], [ 17.94095611500012, -13.522770881999975 ], [ 17.953159332000098, -13.544997214999967 ], [ 17.955648423000071, -13.573052404999885 ], [ 17.930917740000098, -13.652500152999949 ], [ 17.906486512000129, -13.672780035999949 ], [ 17.858194352000169, -13.685562134999884 ], [ 17.809629441000084, -13.680008886999872 ], [ 17.786872864000088, -13.687230109999973 ], [ 17.790466308000191, -13.713343618999943 ], [ 17.81292533800007, -13.7619533539999 ], [ 17.807058335000022, -13.851679801999978 ], [ 17.785667418000173, -13.898071287999926 ], [ 17.742916107000042, -13.925020217999872 ], [ 17.725421905000132, -13.948632239999938 ], [ 17.645191193000073, -13.993358612999941 ], [ 17.59801101700009, -13.993918418999954 ], [ 17.548044206000043, -14.012812613999927 ], [ 17.509195328000146, -14.008090972999923 ], [ 17.471439361000023, -14.026704787999961 ], [ 17.418943406000096, -14.101432799999941 ], [ 17.353698731000179, -14.148383139999964 ], [ 17.346746445000122, -14.17005443499994 ], [ 17.348659515000122, -14.220329283999888 ], [ 17.330873489000055, -14.258390426999881 ], [ 17.310598374000165, -14.280611037999904 ], [ 17.320242309999969, -14.310001182999827 ], [ 17.311410905000173, -14.314503668999862 ], [ 17.263401032, -14.30589294299989 ], [ 17.214843750000114, -14.285899160999918 ], [ 17.182397842000171, -14.243396758999893 ], [ 17.137161255000137, -14.237569808999979 ], [ 17.038125992000175, -14.168409347999955 ], [ 17.016820908000057, -14.068962097999929 ], [ 16.964691163000055, -14.000634193999872 ], [ 16.937223434000146, -13.987855909999894 ], [ 16.906976701000133, -13.98369312299991 ], [ 16.833124160000125, -14.03397464599982 ], [ 16.71443672200013, -13.968194769999911 ], [ 16.620563507000043, -14.008435248999831 ], [ 16.50040435700015, -14.000384329999918 ], [ 16.478195191000168, -14.011496542999907 ], [ 16.488016129000073, -13.867328644999816 ], [ 16.475013732000093, -13.81288528399989 ], [ 16.493631362000087, -13.778164863999848 ], [ 16.49616050800006, -13.732329368999899 ], [ 16.527021409000099, -13.649828909999883 ], [ 16.537391662000061, -13.4978828429999 ], [ 16.519405365000011, -13.420664786999964 ], [ 16.531921386000079, -13.375383376999878 ], [ 16.529727936000143, -13.338440893999973 ], [ 16.542524338000192, -13.281497000999934 ], [ 16.545061112000155, -13.221219062999921 ], [ 16.534536361000164, -13.19066238399995 ], [ 16.545099258999983, -13.158438681999939 ], [ 16.522132873000089, -13.060387611999886 ], [ 16.509176255000114, -12.915114401999915 ], [ 16.510236739999982, -12.752478598999971 ], [ 16.463773728000035, -12.739562033999903 ], [ 16.37003135700013, -12.688467025999955 ], [ 16.360626222000064, -12.63624572699996 ], [ 16.340108871000041, -12.614304541999957 ], [ 16.317640305000111, -12.609025953999833 ], [ 16.306280135, -12.584588050999969 ], [ 16.303810120000037, -12.538475990999871 ], [ 16.376385497000058, -12.492189026999881 ], [ 16.383462906999966, -12.468745230999957 ], [ 16.394599913999969, -12.385141372999897 ], [ 16.386566162000179, -12.361532211999929 ], [ 16.360502243000042, -12.336812972999951 ], [ 16.358846664000112, -12.314313888999834 ], [ 16.341938019000054, -12.28959369599994 ], [ 16.345277785000121, -12.266536712999937 ], [ 16.369979858000022, -12.235427854999898 ], [ 16.415481567000143, -12.211532592999959 ], [ 16.491235732000121, -12.148470877999898 ], [ 16.511220930999968, -12.113195419999954 ], [ 16.521503448000146, -12.056805609999913 ], [ 16.558692933000145, -11.997080803999893 ], [ 16.582277298000122, -11.977633474999948 ], [ 16.589221191000092, -11.941855810999925 ], [ 16.584236145000091, -11.919300078999981 ], [ 16.542089462000092, -11.864027976999978 ], [ 16.487459183000169, -11.821537970999884 ], [ 16.481645585000024, -11.774593352999943 ], [ 16.466678619000106, -11.747653960999969 ], [ 16.392353058000083, -11.709610937999969 ], [ 16.391805648000059, -11.680723189999981 ], [ 16.34604835600004, -11.656282423999926 ], [ 16.342170715000123, -11.635451315999944 ], [ 16.321647643, -11.615178107999952 ], [ 16.293939590000093, -11.485185621999904 ], [ 16.200479507000125, -11.491312980999908 ], [ 16.179128647000141, -11.469653128999937 ], [ 16.106193541999971, -11.47216415399987 ], [ 16.060995101000117, -11.434677124999951 ], [ 16.034927367000137, -11.441625594999948 ], [ 15.992487908000044, -11.481351851999932 ], [ 15.896257400000081, -11.495537756999965 ], [ 15.847736358000191, -11.473048209999831 ], [ 15.823055267000086, -11.478606223999975 ], [ 15.754293442000119, -11.444733618999976 ], [ 15.798127174000115, -11.349452971999824 ], [ 15.792036056000086, -11.277793883999948 ], [ 15.813664437000057, -11.25695705499993 ], [ 15.911829949000094, -11.111378669999908 ], [ 15.929018020000171, -11.062764166999841 ], [ 15.942874909000125, -10.974974630999895 ], [ 15.957009316000153, -10.947750090999932 ], [ 16.025789261000057, -10.996349334999877 ], [ 16.052410126000041, -10.998290060999977 ], [ 16.098438263000048, -10.970222472999978 ], [ 16.169710158000044, -11.0049295419999 ], [ 16.191339492000168, -11.010205268999869 ], [ 16.214635848000171, -11.002423286999942 ], [ 16.284496307000097, -10.88017272899998 ], [ 16.319702149000022, -10.836826324999947 ], [ 16.470548630000167, -10.75678062399993 ], [ 16.505480958000135, -10.71460914499994 ], [ 16.506025315000159, -10.698981285999878 ], [ 16.564531327000054, -10.674242018999905 ], [ 16.569795608000106, -10.651459693999982 ], [ 16.595022201000063, -10.621724127999812 ], [ 16.585027695, -10.593388557999845 ], [ 16.609204101000046, -10.570412443999942 ], [ 16.636333466000053, -10.586985587999948 ], [ 16.640220641000042, -10.597267149999936 ], [ 16.618871688000127, -10.617553709999981 ], [ 16.62803459200012, -10.649499891999938 ], [ 16.657991409000147, -10.65477466699997 ], [ 16.666322709000042, -10.684502601999952 ], [ 16.71985817000018, -10.702269554999816 ], [ 16.779230117, -10.767271995999863 ], [ 16.824718476000101, -10.773653029999878 ], [ 16.891279220000115, -10.760025023999958 ], [ 16.97504806600017, -10.774731635999956 ], [ 17.036075593000078, -10.798054695999895 ], [ 17.102935791000164, -10.84110546099987 ], [ 17.11679458600014, -10.813876151999978 ], [ 17.162282944000083, -10.813588140999855 ], [ 17.169227600000056, -10.846647262999966 ], [ 17.228313446000129, -10.866360663999899 ], [ 17.290721893000068, -10.862733840999908 ], [ 17.379505158000143, -10.940505980999887 ], [ 17.385884094000176, -11.010871314999918 ], [ 17.416973113999973, -11.036348341999883 ], [ 17.427520751000088, -11.066625595999938 ], [ 17.44804954500006, -11.087737082999922 ], [ 17.458044051000115, -11.119683264999935 ], [ 17.448621750000086, -11.178024290999872 ], [ 17.414779664000037, -11.185532569999907 ], [ 17.406185151000102, -11.204702375999943 ], [ 17.385658264000142, -11.211927413999888 ], [ 17.389543534000097, -11.221651077999923 ], [ 17.418113708000021, -11.235259055999904 ], [ 17.451679230000082, -11.233586311999943 ], [ 17.459449767000081, -11.239972113999954 ], [ 17.460010528000055, -11.273864746999891 ], [ 17.472497941000029, -11.315813064999816 ], [ 17.523822784, -11.389140128999941 ], [ 17.513839721000124, -11.4344263079999 ], [ 17.493034363000106, -11.455265044999976 ], [ 17.489704131999986, -11.484711646999926 ], [ 17.49663925200008, -11.491932867999935 ], [ 17.522993087000032, -11.47720527599995 ], [ 17.531040192000148, -11.495817184999908 ], [ 17.496919633000061, -11.518044471999929 ], [ 17.481384277000075, -11.557493209999961 ], [ 17.521331787000065, -11.641659736999941 ], [ 17.514396667000028, -11.662771225999904 ], [ 17.499416351999969, -11.676384925999912 ], [ 17.504129410000019, -11.696387290999894 ] ] ] } },
{ "type": "Feature", "properties": { "province": "Cabinda" }, "geometry": { "type": "MultiPolygon", "coordinates": [ [ [ [ 12.511539, -5.663777 ], [ 12.535739264000028, -5.660252286999878 ], [ 12.535100937999971, -5.733852862999925 ], [ 12.265679001000024, -5.743284 ], [ 12.199925238999981, -5.769786294999903 ], [ 12.15472221400006, -5.691916465999952 ], [ 12.146249819000104, -5.637555264999889 ], [ 12.181111071000089, -5.553040450999902 ], [ 12.211765698000079, -5.557341268999949 ], [ 12.22958374000018, -5.544027685999936 ], [ 12.227499008000166, -5.483750501999964 ], [ 12.171666579000089, -5.337512752999942 ], [ 12.178333623000128, -5.315138611999828 ], [ 12.133816128000149, -5.244305632999897 ], [ 12.140277863000165, -5.215264839999918 ], [ 12.13280707600012, -5.197507640999902 ], [ 12.145485776000044, -5.191423730999929 ], [ 12.137430320000021, -5.172402794999925 ], [ 12.112057117, -5.157262442999979 ], [ 12.107856887000139, -5.165005188999885 ], [ 12.103055347000065, -5.160795991999976 ], [ 12.011180705000015, -5.032455248999952 ], [ 12.173229000000106, -4.898013999999876 ], [ 12.210160256000165, -4.767732143999979 ], [ 12.253846169000099, -4.817364214999941 ], [ 12.301560402000121, -4.813611028999901 ], [ 12.35858154400006, -4.757144927999889 ], [ 12.462395669000045, -4.596130847999916 ], [ 12.616116524000176, -4.564342020999959 ], [ 12.662843704000124, -4.487370966999947 ], [ 12.760083198000132, -4.486017225999944 ], [ 12.737548827000182, -4.462133883999911 ], [ 12.723011016000157, -4.426958083999921 ], [ 12.727991104000125, -4.399795055999903 ], [ 12.743300439000166, -4.377670763999959 ], [ 12.751319885000044, -4.372591017999923 ], [ 12.779208183000037, -4.382354973999952 ], [ 12.813120841000057, -4.41940021399995 ], [ 12.90299034200018, -4.40930080399994 ], [ 12.906127929000149, -4.467510223999966 ], [ 12.98614215900011, -4.541413783999928 ], [ 13.013349533000053, -4.592199801999925 ], [ 13.103878975000157, -4.64650392599998 ], [ 13.106961250000154, -4.680550098999902 ], [ 13.083898545000011, -4.689110754999888 ], [ 13.057040215000143, -4.679206370999907 ], [ 13.034967422000022, -4.693618773999958 ], [ 12.986090661000105, -4.703052043999946 ], [ 12.922307968000155, -4.732542275999947 ], [ 12.863113403000057, -4.739132881999922 ], [ 12.85603499400014, -4.753843426999936 ], [ 12.839479446000098, -4.755228042999931 ], [ 12.831217766000066, -4.77432250999982 ], [ 12.815154076000169, -4.785819053999887 ], [ 12.792430879000051, -4.832056045999934 ], [ 12.801970164000181, -4.840876578999882 ], [ 12.798851967000019, -4.846565722999969 ], [ 12.778700828000069, -4.869312761999936 ], [ 12.754627227000128, -4.876496790999965 ], [ 12.728427410000165, -4.901668785999959 ], [ 12.71763420100018, -4.949511049999899 ], [ 12.671759605000034, -4.95904016399993 ], [ 12.639565468, -4.950914859999955 ], [ 12.632675170000141, -4.961493013999927 ], [ 12.640468598000155, -4.991852758999926 ], [ 12.629529714000114, -5.020579218999956 ], [ 12.614979744000095, -5.02175998599995 ], [ 12.575390340000013, -5.050593613999979 ], [ 12.552308082000138, -5.050469875999966 ], [ 12.530817508000155, -5.067125319999946 ], [ 12.492163658000038, -5.065143107999972 ], [ 12.474944114000095, -5.075710772999855 ], [ 12.468968772999972, -5.088849233999895 ], [ 12.487316131000171, -5.115983962999962 ], [ 12.537505545000101, -5.138915618999931 ], [ 12.537169785000174, -5.461216060999902 ], [ 12.508913994000068, -5.470109939999929 ], [ 12.511539, -5.663777 ] ] ], [ [ [ 12.11264838, -5.170676024999977 ], [ 12.119166169999971, -5.176448684999912 ], [ 12.118414595000047, -5.181778043999884 ], [ 12.11264838, -5.170676024999977 ] ] ] ] } },
{ "type": "Feature", "properties": { "province": "Cuando Cubango" }, "geometry": { "type": "Polygon", "coordinates": [ [ [ 21.117196083000124, -17.938587187999872 ], [ 21.10132789700009, -17.951210974999867 ], [ 21.066629409000086, -17.947349548999853 ], [ 21.058601380000084, -17.954345701999955 ], [ 20.999426524000114, -17.960649489999923 ], [ 20.981008530000167, -17.955085753999924 ], [ 20.944341659000088, -17.967435836999925 ], [ 20.928240775000177, -17.985711095999818 ], [ 20.89398193400018, -17.994060515999934 ], [ 20.890134759000091, -18.006132024999943 ], [ 20.870670319000055, -18.009300231999816 ], [ 20.867675782000163, -18.034420012999874 ], [ 20.818473816000051, -18.041757582999935 ], [ 20.76911926300005, -18.021879195999929 ], [ 20.754432678000171, -18.023929594999913 ], [ 20.750629424000067, -18.008249282999884 ], [ 20.707553863000157, -18.017286299999967 ], [ 20.678890228, -17.992570877999924 ], [ 20.646259308000026, -17.978450773999953 ], [ 20.619890213000019, -17.976610182999877 ], [ 20.614927293000108, -17.985029219999888 ], [ 20.605031967000059, -17.975206373999981 ], [ 20.58079147300009, -17.9830780019999 ], [ 20.535196304000067, -17.978700637999907 ], [ 20.472366333000082, -17.948236465999969 ], [ 20.453268050000077, -17.916660307999905 ], [ 20.389839173000098, -17.897109984999929 ], [ 20.371611119000022, -17.898817061999978 ], [ 20.316829682, -17.865169524999942 ], [ 20.292784692000055, -17.879288672999962 ], [ 20.267549515000098, -17.869955061999974 ], [ 20.240258217000132, -17.895526885999971 ], [ 20.170368194000048, -17.881580351999958 ], [ 20.114040374000069, -17.911907195999902 ], [ 20.059879303000059, -17.891340254999932 ], [ 20.02699852000012, -17.90357017499997 ], [ 19.999099096000066, -17.891087849999963 ], [ 19.969268799000076, -17.893022536999979 ], [ 19.956233978000057, -17.879113196999924 ], [ 19.919509888000107, -17.866262436999875 ], [ 19.875396729000158, -17.885288237999873 ], [ 19.815939904000061, -17.874608993999914 ], [ 19.790559768999969, -17.880659103999847 ], [ 19.771514893000187, -17.894481658999894 ], [ 19.763679503999981, -17.910844802999861 ], [ 19.749448777000168, -17.913738250999813 ], [ 19.722412890000101, -17.882533083999931 ], [ 19.707820376000086, -17.878442267999901 ], [ 19.712379186000192, -17.886579688999973 ], [ 19.703985214000056, -17.888593672999889 ], [ 19.683269501000098, -17.862630843999966 ], [ 19.661924363000026, -17.852718351999954 ], [ 19.569711685000129, -17.87273979299988 ], [ 19.511341095000091, -17.863567352999894 ], [ 19.504267692000042, -17.87256431499992 ], [ 19.456052780999983, -17.863021849999882 ], [ 19.404258729000162, -17.870723723999959 ], [ 19.370679856000152, -17.852210997999975 ], [ 19.355145627000127, -17.861350294999966 ], [ 19.337991714000054, -17.854387282999937 ], [ 19.324914931000137, -17.858886718999884 ], [ 19.320061684000109, -17.853221891999965 ], [ 19.33390045200008, -17.845504760999859 ], [ 19.330564498000115, -17.838723500999834 ], [ 19.292125702000078, -17.83831024199992 ], [ 19.274000168000157, -17.825450896999882 ], [ 19.257133485000168, -17.828241347999949 ], [ 19.244880676000037, -17.820121764999953 ], [ 19.228740692000088, -17.831199645999902 ], [ 19.140497207000067, -17.812032697999882 ], [ 19.10767936700006, -17.84001159699983 ], [ 18.974409104000017, -17.832569122999814 ], [ 18.948539734000121, -17.823137282999937 ], [ 18.910644531000173, -17.82280158999987 ], [ 18.882579804000045, -17.806409834999954 ], [ 18.866928100000166, -17.808511732999875 ], [ 18.84368896400008, -17.791557310999963 ], [ 18.841182709000122, -17.779319762999933 ], [ 18.790914536000116, -17.76803779599993 ], [ 18.775865555000109, -17.742349624999974 ], [ 18.75488090500005, -17.746349334999877 ], [ 18.743791580000106, -17.74052619999992 ], [ 18.730939865000153, -17.717449187999932 ], [ 18.618499756000062, -17.637252807999914 ], [ 18.616479874000049, -17.610084532999906 ], [ 18.598604202000047, -17.591880796999817 ], [ 18.565263747000188, -17.585624693999819 ], [ 18.51141738900003, -17.501352309999902 ], [ 18.478696823000064, -17.48570918899992 ], [ 18.47061920200008, -17.45235824599996 ], [ 18.455690385000025, -17.440200804999961 ], [ 18.449769973000116, -17.423488615999929 ], [ 18.422373231000108, -17.394222918999901 ], [ 17.274664561000179, -17.389974592999863 ], [ 17.303035735000151, -17.246292112999981 ], [ 17.220930100000089, -16.991662978999955 ], [ 17.221330644000034, -16.878627776999906 ], [ 17.233400344000188, -16.751697538999849 ], [ 17.292106628000113, -16.643093109999938 ], [ 17.317750932000081, -16.544485091999945 ], [ 17.38695907500005, -16.477819442999873 ], [ 17.420063019000111, -16.365619658999947 ], [ 17.416057586000079, -16.231164931999956 ], [ 17.387289048000071, -16.101171492999924 ], [ 17.389112473000068, -15.911171912999976 ], [ 17.366382598000087, -15.866175651999924 ], [ 17.29784965500005, -15.806739806999929 ], [ 17.227699280000138, -15.693135260999952 ], [ 17.165616988000068, -15.559529304999955 ], [ 17.094839096000044, -15.541754721999951 ], [ 17.074035644000048, -15.518699646999892 ], [ 17.058544158000075, -15.450368879999871 ], [ 17.039657593000129, -15.461202619999938 ], [ 17.025245666000046, -15.433426855999812 ], [ 16.968067169000165, -15.417875289999927 ], [ 16.942552566000188, -15.387875556999973 ], [ 16.922014236000109, -15.380099296999958 ], [ 16.917879104000065, -15.347041129999923 ], [ 16.87625694400009, -15.325654030999942 ], [ 16.849075318000075, -15.29899215699993 ], [ 16.856588365000107, -15.278432845999873 ], [ 16.849386215000152, -15.258436202999917 ], [ 16.792222976000062, -15.231213569999852 ], [ 16.775032043000124, -15.207049369999936 ], [ 16.785051345000113, -15.17815780699982 ], [ 16.746734845000049, -15.162010472999953 ], [ 16.69934272900008, -15.099827765999976 ], [ 16.701301575000173, -15.078438758999937 ], [ 16.715198516999976, -15.064273834999881 ], [ 16.709396362000177, -15.029829025999959 ], [ 16.658372879000069, -14.969827651999935 ], [ 16.653692245000059, -14.924552917999847 ], [ 16.662616730000082, -14.877884863999952 ], [ 16.648227691000159, -14.823993682999969 ], [ 16.607734681000125, -14.786773681999875 ], [ 16.621652603000086, -14.740386007999916 ], [ 16.631647109000141, -14.737326621999841 ], [ 16.632488251000098, -14.728437422999946 ], [ 16.576154709000036, -14.712887763999959 ], [ 16.586990357000047, -14.699831007999933 ], [ 16.583114625000178, -14.690943718999904 ], [ 16.560354233000112, -14.688445091999938 ], [ 16.50682640000008, -14.639278412999829 ], [ 16.505516051000143, -14.549278257999845 ], [ 16.513048172000083, -14.501222610999889 ], [ 16.503913879000095, -14.469555854999896 ], [ 16.512268067000093, -14.436778068999899 ], [ 16.482627869000112, -14.371500969999943 ], [ 16.479070664000062, -14.309000968999953 ], [ 16.465227126, -14.268722533999892 ], [ 16.466346741, -14.255944251999892 ], [ 16.487180710000132, -14.234277724999913 ], [ 16.501951217000055, -14.150663375999898 ], [ 16.478143691000184, -14.079552649999926 ], [ 16.4912185660001, -14.038722038999936 ], [ 16.478195191000168, -14.011496542999907 ], [ 16.50040435700015, -14.000384329999918 ], [ 16.620563507000043, -14.008435248999831 ], [ 16.71443672200013, -13.968194769999911 ], [ 16.833124160000125, -14.03397464599982 ], [ 16.906976701000133, -13.98369312299991 ], [ 16.937223434000146, -13.987855909999894 ], [ 16.964691163000055, -14.000634193999872 ], [ 17.016820908000057, -14.068962097999929 ], [ 17.038125992000175, -14.168409347999955 ], [ 17.137161255000137, -14.237569808999979 ], [ 17.182397842000171, -14.243396758999893 ], [ 17.214843750000114, -14.285899160999918 ], [ 17.263401032, -14.30589294299989 ], [ 17.311410905000173, -14.314503668999862 ], [ 17.320242309999969, -14.310001182999827 ], [ 17.310598374000165, -14.280611037999904 ], [ 17.330873489000055, -14.258390426999881 ], [ 17.348659515000122, -14.220329283999888 ], [ 17.346746445000122, -14.17005443499994 ], [ 17.353698731000179, -14.148383139999964 ], [ 17.418943406000096, -14.101432799999941 ], [ 17.471439361000023, -14.026704787999961 ], [ 17.509195328000146, -14.008090972999923 ], [ 17.548044206000043, -14.012812613999927 ], [ 17.59801101700009, -13.993918418999954 ], [ 17.645191193000073, -13.993358612999941 ], [ 17.725421905000132, -13.948632239999938 ], [ 17.742916107000042, -13.925020217999872 ], [ 17.779834747000109, -13.905569076999882 ], [ 17.807058335000022, -13.851679801999978 ], [ 17.81292533800007, -13.7619533539999 ], [ 17.790466308000191, -13.713343618999943 ], [ 17.786872864000088, -13.687230109999973 ], [ 17.809629441000084, -13.680008886999872 ], [ 17.858194352000169, -13.685562134999884 ], [ 17.906486512000129, -13.672780035999949 ], [ 17.930917740000098, -13.652500152999949 ], [ 17.955053330000112, -13.566351890999897 ], [ 18.231447220000064, -13.722475051999936 ], [ 18.321922302000075, -13.70886039699991 ], [ 18.367708207000078, -13.731632232999971 ], [ 18.463432313000055, -13.800237655999979 ], [ 18.486463547000028, -13.808295248999968 ], [ 18.533372880000059, -13.791068075999874 ], [ 18.555847168000071, -13.79940032899998 ], [ 18.572494506000112, -13.821063994999975 ], [ 18.627708434999988, -13.863839148999944 ], [ 18.643529892000174, -13.858563423999954 ], [ 18.660177232000024, -13.871059416999856 ], [ 18.66766357500012, -13.898006439999961 ], [ 18.712339401000179, -13.924668311999824 ], [ 18.729814530000056, -13.949114799999961 ], [ 18.737020493000045, -13.982724189999942 ], [ 18.786956788000055, -14.052725791999933 ], [ 18.791114808000032, -14.062447547999966 ], [ 18.780561448000071, -14.093282699999975 ], [ 18.809955598000158, -14.169952392999846 ], [ 18.800514221000128, -14.189675329999943 ], [ 18.804944993000106, -14.222729682999841 ], [ 18.828245163000076, -14.269674300999952 ], [ 18.847391130000176, -14.280505180999853 ], [ 18.84904670700007, -14.311897276999957 ], [ 18.872076034000145, -14.333008765999921 ], [ 18.872348785000042, -14.349952697999981 ], [ 18.894269944000087, -14.371617317999892 ], [ 18.892599106000034, -14.383842467999955 ], [ 18.942550659000062, -14.401893615999938 ], [ 19.042203903000086, -14.364665031999948 ], [ 19.065797806000148, -14.362996100999965 ], [ 19.207048416000077, -14.43743324199994 ], [ 19.173219680000102, -14.320208548999972 ], [ 19.171566010000049, -14.277705191999814 ], [ 19.225141526000186, -14.249368666999942 ], [ 19.247070313000108, -14.24214267799988 ], [ 19.270380021, -14.250756263999904 ], [ 19.314500808000105, -14.286866188999909 ], [ 19.338647842000171, -14.292140960999973 ], [ 19.371120454000049, -14.286862373999952 ], [ 19.415519714000141, -14.301026344999912 ], [ 19.531954765000023, -14.278377055999897 ], [ 19.545967102000077, -14.293794630999969 ], [ 19.565383912000073, -14.343514440999911 ], [ 19.616574860000128, -14.379873656999962 ], [ 19.630582810000078, -14.444348335999848 ], [ 19.661380768000129, -14.469348906999926 ], [ 19.69327926699998, -14.547959327999877 ], [ 19.738237382000079, -14.57267761199995 ], [ 19.747110367000118, -14.603513716999942 ], [ 19.776803971000106, -14.616847038999936 ], [ 19.81647872800005, -14.671566962999918 ], [ 19.883356094000135, -14.716281890999937 ], [ 19.896669388000191, -14.745729445999928 ], [ 19.919149399000048, -14.744615553999949 ], [ 19.919700622000107, -14.769336699999883 ], [ 19.951063157000078, -14.766277313999979 ], [ 19.960775375000026, -14.782665251999958 ], [ 19.984088897000049, -14.788499832999889 ], [ 20.008928300000093, -14.832216262999964 ], [ 20.052900314000055, -14.864603995999971 ], [ 20.08286857600018, -14.904044151999813 ], [ 20.165567398000178, -14.948198317999982 ], [ 20.210807801000158, -14.958194731999924 ], [ 20.267421722000108, -14.987357138999982 ], [ 20.344030381000039, -14.98040294499998 ], [ 20.435340882, -15.00123214599995 ], [ 20.494466781000085, -14.977613448999932 ], [ 20.550531388000024, -14.990388869999947 ], [ 20.598276138000188, -14.968167303999849 ], [ 20.631584168000131, -14.975386619999881 ], [ 20.670167924000054, -14.957608221999976 ], [ 20.689872742000091, -14.964829444999964 ], [ 20.708747864000088, -14.987603186999934 ], [ 20.804504394000105, -15.006763457999966 ], [ 20.815330506000066, -15.003430366999964 ], [ 20.824493408000023, -14.984820364999962 ], [ 20.848087311000086, -14.985098837999942 ], [ 20.884723663000045, -15.018150328999923 ], [ 20.928026199000158, -15.009535789999916 ], [ 20.938571931000183, -15.027588843999979 ], [ 20.963275909000117, -15.044257164999976 ], [ 21.014902115000098, -15.057585716999938 ], [ 21.058759690000045, -15.110634802999925 ], [ 21.084024429000124, -15.128686903999835 ], [ 21.109563828000034, -15.172571181999956 ], [ 21.13010787900015, -15.18034744199997 ], [ 21.157035828000176, -15.171458244999883 ], [ 21.148986816000161, -15.203119278999964 ], [ 21.162311553000166, -15.22034072799994 ], [ 21.210624693999989, -15.217281341999922 ], [ 21.245334626000101, -15.237834930999952 ], [ 21.275333404000094, -15.331435203999945 ], [ 21.302276611000138, -15.361152648999905 ], [ 21.331998824000095, -15.373644828999943 ], [ 21.362558364000165, -15.399745939999946 ], [ 21.410900116000107, -15.40612125399997 ], [ 21.422294618000024, -15.42195129299995 ], [ 21.441469192000056, -15.430275915999971 ], [ 21.45814323500008, -15.46887779199983 ], [ 21.452308654000035, -15.531106947999831 ], [ 21.457035066000117, -15.553050040999949 ], [ 21.471204757000066, -15.56748771599996 ], [ 21.503158570000096, -15.573866843999895 ], [ 21.520944595000117, -15.611084937999976 ], [ 21.553453446000049, -15.635237692999965 ], [ 21.547616958000106, -15.677742003999867 ], [ 21.579572678000034, -15.701896665999925 ], [ 21.612634659000094, -15.779394149999973 ], [ 21.649587631000145, -15.812436103999971 ], [ 21.675987243000066, -15.813259124999945 ], [ 21.712949752999975, -15.833239555999967 ], [ 21.706272125000112, -15.851028441999972 ], [ 21.715436935000071, -15.892977714999859 ], [ 21.722660065000184, -15.899921417999906 ], [ 21.747394562000068, -15.899908064999977 ], [ 21.761844634, -15.912957190999975 ], [ 21.765724183000088, -15.944355009999924 ], [ 21.780725479000182, -15.971298217999959 ], [ 21.812677383000164, -15.996011732999932 ], [ 21.810449599000037, -16.019351958999948 ], [ 21.824619293000012, -16.033237457999974 ], [ 21.83017540100019, -16.067964552999968 ], [ 21.965480804000038, -16.141813277999915 ], [ 22.000837669000077, -16.173199533999878 ], [ 22.001337939000052, -16.211876286999882 ], [ 22.027937939000083, -16.224676286999909 ], [ 22.030337939000049, -16.24017628699994 ], [ 22.082137939000177, -16.279876286999979 ], [ 22.076437939000186, -16.295876286999942 ], [ 22.122137939000083, -16.358176286999935 ], [ 22.14283793900006, -16.480676286999824 ], [ 22.18933793900004, -16.540976286999978 ], [ 22.224137939000116, -16.569976286999974 ], [ 22.256137939000155, -16.581476286999873 ], [ 22.281737939000038, -16.619676286999891 ], [ 22.323937939000075, -16.646776286999966 ], [ 22.366637939000043, -16.709976286999961 ], [ 22.490037939000104, -16.837676286999965 ], [ 22.608737939000093, -16.937976286999969 ], [ 22.648337939000101, -16.986376286999871 ], [ 22.697537939000028, -17.022276286999954 ], [ 22.828637939000146, -17.163676286999873 ], [ 22.918337939000025, -17.237976286999981 ], [ 22.966637939000066, -17.257976286999849 ], [ 22.963128958000084, -17.248903690999953 ], [ 22.966674805000139, -17.257995604999849 ], [ 23.021118164000029, -17.289611815999933 ], [ 23.07250976600011, -17.350585937999824 ], [ 23.087524414000086, -17.394592284999931 ], [ 23.103881836000085, -17.413696288999972 ], [ 23.17833792800019, -17.460576286999924 ], [ 23.248937928000089, -17.534776286999886 ], [ 23.349137928000061, -17.555676286999869 ], [ 23.409337928000127, -17.586176286999887 ], [ 23.427737928000056, -17.60117628699993 ], [ 23.440829367000106, -17.635094306999974 ], [ 22.92928505000009, -17.739369391999958 ], [ 21.433547973000032, -18.024074553999924 ], [ 21.407440187000134, -18.010009764999893 ], [ 21.381534576000092, -18.008792877999952 ], [ 21.356870652000111, -17.985549926999965 ], [ 21.322322846000134, -17.985149382999964 ], [ 21.285001754000177, -17.966550825999889 ], [ 21.268915176000178, -17.966787337999904 ], [ 21.241970063000167, -17.954929351999965 ], [ 21.219751357000121, -17.932115554999882 ], [ 21.117196083000124, -17.938587187999872 ] ] ] } },
{ "type": "Feature", "properties": { "province": "Cuanza Norte" }, "geometry": { "type": "Polygon", "coordinates": [ [ [ 14.467107773000123, -9.716400145999955 ], [ 14.389912606000166, -9.682002067999974 ], [ 14.316394806000062, -9.693157195999959 ], [ 14.288059235000048, -9.678453444999946 ], [ 14.27774333900004, -9.646516799999915 ], [ 14.263014794000071, -9.634577750999938 ], [ 14.195855140000049, -9.638799666999944 ], [ 14.163365365000118, -9.629653929999961 ], [ 14.147522927000068, -9.616892814999858 ], [ 14.126036643000077, -9.542449950999924 ], [ 14.092979431000117, -9.527194976999908 ], [ 14.137836456, -9.423214911999935 ], [ 14.151661874000126, -9.354537963999974 ], [ 14.162747383000124, -9.332285880999905 ], [ 14.207694054000171, -9.293045996999922 ], [ 14.211291313000174, -9.268296241999906 ], [ 14.169975758000021, -9.224114417999942 ], [ 14.172117233, -9.200484274999894 ], [ 14.195699692000176, -9.17961215899993 ], [ 14.182644843000105, -9.156540870999947 ], [ 14.159320831000116, -9.140707968999891 ], [ 14.084934235000048, -9.139371870999923 ], [ 14.062441826000054, -9.117977140999869 ], [ 14.071048736000023, -9.093498228999977 ], [ 14.093805313000075, -9.078183173999946 ], [ 14.140703201000179, -9.067302703999871 ], [ 14.157902719000049, -9.04560470499996 ], [ 14.148176193000097, -8.996664046999967 ], [ 14.126523018000057, -8.975817679999977 ], [ 14.081293105999976, -8.955264090999947 ], [ 14.084063529000161, -8.932736395999939 ], [ 14.108194352000055, -8.890728949999925 ], [ 14.199460983999984, -8.885136602999978 ], [ 14.297352791000037, -8.841745376999938 ], [ 14.343646050000075, -8.806714057999898 ], [ 14.380768777000071, -8.743054389999941 ], [ 14.37797260300016, -8.696912764999922 ], [ 14.341850282, -8.598739050999939 ], [ 14.330765724000173, -8.579348563999929 ], [ 14.278890611000122, -8.540717123999855 ], [ 14.267239570000072, -8.517646789999958 ], [ 14.271930695000151, -8.471508025999981 ], [ 14.28578472099997, -8.447327612999914 ], [ 14.381961822999983, -8.387296676999881 ], [ 14.426319122000109, -8.385902403999978 ], [ 14.459315300000128, -8.394519805999892 ], [ 14.591595649000112, -8.392490387999942 ], [ 14.655744552000158, -8.358926772999951 ], [ 14.668314458000111, -8.39756584099996 ], [ 14.70501117800012, -8.392107391999957 ], [ 14.744835854000087, -8.409264563999955 ], [ 14.780651093000017, -8.41229915599996 ], [ 14.829160691000084, -8.392846106999968 ], [ 14.868380356000159, -8.349394225999902 ], [ 14.879006387000118, -8.311136245999876 ], [ 14.925834656000063, -8.275283812999874 ], [ 14.96576118500019, -8.282508848999953 ], [ 15.005152703000022, -8.313082693999831 ], [ 15.022755622000147, -8.316371509999897 ], [ 15.068346977000033, -8.290571211999975 ], [ 15.123523712000065, -8.296961783999848 ], [ 15.137075424999978, -8.254715918999921 ], [ 15.163410185999965, -8.25249290499994 ], [ 15.170325280000156, -8.231374740999911 ], [ 15.18917465100003, -8.228594779999924 ], [ 15.198022843000103, -8.202469825999913 ], [ 15.206337927999982, -8.19857978899995 ], [ 15.207400322000183, -8.136045455999977 ], [ 15.230102539000143, -8.091293333999886 ], [ 15.20846176200007, -8.07017516999997 ], [ 15.18878460000019, -8.077118872999961 ], [ 15.182395936000034, -8.056555748999926 ], [ 15.206484795000165, -8.01097488299996 ], [ 15.198689462000061, -7.958445070999971 ], [ 15.246916772000191, -7.94454908299997 ], [ 15.31205654200005, -7.935376167999948 ], [ 15.412267209000106, -7.934406041999978 ], [ 15.454006196000137, -7.963734148999947 ], [ 15.462655068000061, -8.041003226999976 ], [ 15.498195649000024, -8.056084631999965 ], [ 15.533330918, -8.058288574999949 ], [ 15.592122078000045, -8.039899825999896 ], [ 15.61981868800018, -8.012381553999887 ], [ 15.639493943000161, -8.004044532999956 ], [ 15.710185050000064, -8.000996589999886 ], [ 15.739869118000172, -8.027123451999898 ], [ 15.768151284000055, -8.040187834999927 ], [ 15.775929451000138, -8.055482863999885 ], [ 15.746822357000042, -8.060759542999961 ], [ 15.747111320000045, -8.071323394999865 ], [ 15.760170937000112, -8.108015059999957 ], [ 15.771262169000124, -8.111068725999928 ], [ 15.786771774000101, -8.099677086999975 ], [ 15.80343055700007, -8.12414073799988 ], [ 15.803008080000041, -8.264509200999953 ], [ 15.816341400000113, -8.291465758999948 ], [ 15.811112404000028, -8.332608221999976 ], [ 15.823329925000053, -8.348171233999949 ], [ 15.816984177000109, -8.37624740699988 ], [ 15.828783035000072, -8.394593714999871 ], [ 15.804001809000113, -8.426831244999846 ], [ 15.674284935, -8.458768843999962 ], [ 15.679604530000063, -8.503522872999838 ], [ 15.613442422000162, -8.596898078999914 ], [ 15.641227722000167, -8.654704092999964 ], [ 15.663150786000074, -8.669436454999925 ], [ 15.71306800800005, -8.672775268999942 ], [ 15.734754562000091, -8.722230911999873 ], [ 15.705147744000044, -8.76752090399998 ], [ 15.668418885000165, -8.88225078499994 ], [ 15.656624793000049, -8.976699828999926 ], [ 15.640322686000104, -9.021148680999886 ], [ 15.65179061900011, -9.091420173999893 ], [ 15.643383027000084, -9.151198387999955 ], [ 15.609471321000115, -9.173648834999881 ], [ 15.55954647100009, -9.171715736999943 ], [ 15.540693283000167, -9.178942679999977 ], [ 15.521836281999981, -9.17839431699997 ], [ 15.497129441000084, -9.160628319999944 ], [ 15.483706951000045, -9.161089419999882 ], [ 15.444473267000149, -9.188977240999975 ], [ 15.409528732000126, -9.190928458999906 ], [ 15.362153054000146, -9.226778029999878 ], [ 15.313339234000125, -9.226237296999898 ], [ 15.282567025, -9.237078666999935 ], [ 15.254589081000063, -9.264033317999974 ], [ 15.239732743000047, -9.358487128999968 ], [ 15.183170319000055, -9.368782043999886 ], [ 15.147934914000132, -9.362410544999932 ], [ 15.116886330000114, -9.374088668999946 ], [ 15.174912453000161, -9.416844367999943 ], [ 15.186343193000027, -9.46516609199989 ], [ 15.116531372000054, -9.526024816999836 ], [ 15.118779182000083, -9.547411918999956 ], [ 15.142094612000051, -9.564349174999904 ], [ 15.155998228999977, -9.586833953999928 ], [ 15.168296815000076, -9.657935142999918 ], [ 15.162223816000051, -9.67904090899998 ], [ 15.109125137000035, -9.724944114999914 ], [ 15.080186844000082, -9.725741385999982 ], [ 15.040476798000043, -9.695213317999958 ], [ 15.008576393000169, -9.693836212999884 ], [ 14.955300331999979, -9.677205085999958 ], [ 14.95087528199997, -9.685259818999953 ], [ 14.962267876000055, -9.701637267999899 ], [ 14.941491127000063, -9.721649168999875 ], [ 14.906805991999988, -9.714447020999955 ], [ 14.866312027000163, -9.716964721999886 ], [ 14.803095817000099, -9.735055921999901 ], [ 14.766198158000122, -9.734806059999926 ], [ 14.739613533000067, -9.764538763999951 ], [ 14.618689536000034, -9.780451773999971 ], [ 14.57571144100018, -9.767789650999816 ], [ 14.539070130000084, -9.783843040999898 ], [ 14.518141747000129, -9.761033057999953 ], [ 14.487698555000122, -9.751383781999948 ], [ 14.467107773000123, -9.716400145999955 ] ] ] } },
{ "type": "Feature", "properties": { "province": "Cuanza Sul" }, "geometry": { "type": "Polygon", "coordinates": [ [ [ 14.422452926000119, -11.84331703099997 ], [ 14.352263451000169, -11.889434814999902 ], [ 14.29530239200011, -11.981352806999951 ], [ 14.244818687000077, -12.002751349999869 ], [ 14.223790169000097, -11.982213019999961 ], [ 14.196434022000176, -11.935313223999913 ], [ 14.17180061300013, -11.916728973999966 ], [ 14.121680259000016, -11.90149211899984 ], [ 14.106204034000029, -11.879845617999877 ], [ 14.100259780000044, -11.804593085999954 ], [ 14.091999053, -11.78291893099987 ], [ 14.044415475000051, -11.772428512999966 ], [ 13.973207474, -11.793853760999923 ], [ 13.90360641500007, -11.763142585999958 ], [ 13.798052732000031, -11.772460608999893 ], [ 13.78173673200007, -11.642499922999889 ], [ 13.7859531900001, -11.610283560999903 ], [ 13.769524325000134, -11.577625107999836 ], [ 13.780912028000046, -11.568761877999862 ], [ 13.785832882000079, -11.549306868999963 ], [ 13.782803650000062, -11.50236482299988 ], [ 13.80503992600012, -11.397380177999878 ], [ 13.796590805000164, -11.347851434999825 ], [ 13.802492969000184, -11.327600209999957 ], [ 13.826187822000065, -11.314546955999958 ], [ 13.82966494600015, -11.301527896999914 ], [ 13.825001025000176, -11.248500060999902 ], [ 13.83356475800008, -11.227603275999911 ], [ 13.863636365000161, -11.0071074949999 ], [ 13.853035013000124, -10.957202711999969 ], [ 13.825833063000061, -10.898745407999968 ], [ 13.71981686800018, -10.757463821999863 ], [ 13.742340580000075, -10.747835080999948 ], [ 13.75552368200016, -10.722954602999948 ], [ 13.770951522000132, -10.714978127999814 ], [ 13.782888365000076, -10.694041727999831 ], [ 13.780913216000158, -10.682916368999884 ], [ 13.764520367000159, -10.65356711499993 ], [ 13.621606918, -10.48138209699988 ], [ 13.530870335000145, -10.388687473999937 ], [ 13.547221342000057, -10.35634263299994 ], [ 13.527963003000082, -10.276597419999973 ], [ 13.499017504000108, -10.242228012999931 ], [ 13.515169143000037, -10.217053412999917 ], [ 13.536129951000078, -10.211471556999925 ], [ 13.567145347, -10.222757339999816 ], [ 13.575569153000174, -10.250474928999893 ], [ 13.598524094000084, -10.250421523999933 ], [ 13.653974533, -10.279492378999976 ], [ 13.716263771000115, -10.368809698999939 ], [ 13.735905647000095, -10.36381721499987 ], [ 13.728101731000095, -10.346336363999967 ], [ 13.739177703000109, -10.345227241999964 ], [ 13.775788308000131, -10.364377021999928 ], [ 13.836462974000028, -10.364657401999921 ], [ 13.842878342000063, -10.382141113999978 ], [ 13.950660705000075, -10.368262290999951 ], [ 13.990896225000142, -10.384635925999874 ], [ 14.010352135000176, -10.406283377999898 ], [ 14.022273063000114, -10.406837463999921 ], [ 14.065732955000101, -10.375739096999951 ], [ 14.091223717000162, -10.367401122999922 ], [ 14.152364732000024, -10.304638861999877 ], [ 14.224387169000124, -10.273784636999949 ], [ 14.247404098000061, -10.275710105999849 ], [ 14.316737174000139, -10.285096168999928 ], [ 14.361988067000084, -10.314765928999975 ], [ 14.409417152000117, -10.321395874999894 ], [ 14.487769126000046, -10.413779258999966 ], [ 14.512745857000084, -10.428201674999968 ], [ 14.561325901000089, -10.439743435999958 ], [ 14.605292321000093, -10.387899398999878 ], [ 14.629871368000067, -10.322095869999828 ], [ 14.618438175999984, -10.27760832599995 ], [ 14.571497917000045, -10.239960670999892 ], [ 14.555328369000165, -10.191394805999948 ], [ 14.566381455000055, -10.169734000999881 ], [ 14.591864586000099, -10.152508735999902 ], [ 14.591270446000124, -10.130299567999941 ], [ 14.545091630000059, -10.055658339999979 ], [ 14.539489747000061, -10.025959013999966 ], [ 14.58874988600013, -9.963179588999935 ], [ 14.57571144100018, -9.767789650999816 ], [ 14.631171226000163, -9.779332161999946 ], [ 14.739613533000067, -9.764538763999951 ], [ 14.766198158000122, -9.734806059999926 ], [ 14.777566911000122, -9.732294082999942 ], [ 14.803095817000099, -9.735055921999901 ], [ 14.866312027000163, -9.716964721999886 ], [ 14.906805991999988, -9.714447020999955 ], [ 14.941491127000063, -9.721649168999875 ], [ 14.962267876000055, -9.701637267999899 ], [ 14.95087528199997, -9.685259818999953 ], [ 14.955300331999979, -9.677205085999958 ], [ 15.008576393000169, -9.693836212999884 ], [ 15.040476798000043, -9.695213317999958 ], [ 15.080186844000082, -9.725741385999982 ], [ 15.104586602000097, -9.722394943999859 ], [ 15.164572716000066, -9.773469924999972 ], [ 15.193142891999969, -9.779009818999953 ], [ 15.204541206000044, -9.795113563999905 ], [ 15.258755208000082, -9.804144858999962 ], [ 15.279704093000078, -9.799799917999962 ], [ 15.298300742000038, -9.809232710999936 ], [ 15.37428379, -9.808089256999892 ], [ 15.446627617000047, -9.781676291999929 ], [ 15.53592395700008, -9.783306120999953 ], [ 15.559211731000119, -9.77412891299997 ], [ 15.582789421000143, -9.779673574999947 ], [ 15.629644394000138, -9.770495414999971 ], [ 15.69759845800013, -9.782963751999887 ], [ 15.747787475000109, -9.782947540999942 ], [ 15.770800591000125, -9.778496741999959 ], [ 15.817047120000041, -9.714880943999958 ], [ 15.842007637000052, -9.712096213999928 ], [ 15.911909103000085, -9.732348441999875 ], [ 16.013058471000079, -9.71906909899991 ], [ 16.187036514999988, -9.745329855999898 ], [ 16.212366675000112, -9.769112204999885 ], [ 16.238704681000058, -9.83670425299988 ], [ 16.303352356000175, -9.871967314999893 ], [ 16.320846558000085, -9.895573615999922 ], [ 16.312578201000122, -9.956686972999876 ], [ 16.355619812999976, -10.012892722999936 ], [ 16.361757278000027, -10.073348043999943 ], [ 16.387863158000187, -10.126684187999956 ], [ 16.381774903000121, -10.141961096999921 ], [ 16.341304779000041, -10.171973227999956 ], [ 16.334108352000101, -10.19169902799996 ], [ 16.34691238400012, -10.267820356999948 ], [ 16.362726212000098, -10.27920722999994 ], [ 16.399610519000021, -10.283365249999974 ], [ 16.425699234000092, -10.311978338999893 ], [ 16.43292045700008, -10.332813262999935 ], [ 16.45007705800009, -10.345606802999953 ], [ 16.445434571000078, -10.393097876999946 ], [ 16.45126533399997, -10.413102149999929 ], [ 16.49232101500013, -10.425042151999833 ], [ 16.609204101000046, -10.570412443999942 ], [ 16.585027695, -10.593388557999845 ], [ 16.595022201000063, -10.621724127999812 ], [ 16.569795608000106, -10.651459693999982 ], [ 16.564531327000054, -10.674242018999905 ], [ 16.506025315000159, -10.698981285999878 ], [ 16.505480958000135, -10.71460914499994 ], [ 16.470548630000167, -10.75678062399993 ], [ 16.319702149000022, -10.836826324999947 ], [ 16.284496307000097, -10.88017272899998 ], [ 16.214635848000171, -11.002423286999942 ], [ 16.191339492000168, -11.010205268999869 ], [ 16.169710158000044, -11.0049295419999 ], [ 16.098438263000048, -10.970222472999978 ], [ 16.052410126000041, -10.998290060999977 ], [ 16.025789261000057, -10.996349334999877 ], [ 15.957009316000153, -10.947750090999932 ], [ 15.942874909000125, -10.974974630999895 ], [ 15.929018020000171, -11.062764166999841 ], [ 15.911829949000094, -11.111378669999908 ], [ 15.813664437000057, -11.25695705499993 ], [ 15.792036056000086, -11.277793883999948 ], [ 15.798127174000115, -11.349452971999824 ], [ 15.740422249000176, -11.46834564299985 ], [ 15.598716737000075, -11.500875471999905 ], [ 15.527728080000088, -11.508666991999974 ], [ 15.48279857700004, -11.538669585999912 ], [ 15.409591675000058, -11.553960799999913 ], [ 15.366047859000048, -11.588134765999882 ], [ 15.358243943000048, -11.662291525999933 ], [ 15.385396003000096, -11.701445577999891 ], [ 15.388422965000075, -11.74755096399997 ], [ 15.412536620000139, -11.765322683999955 ], [ 15.398933410000097, -11.793375015999914 ], [ 15.398911476000023, -11.830314636999901 ], [ 15.374496459999989, -11.847540853999874 ], [ 15.392786027000113, -11.870865821999871 ], [ 15.374714850000146, -11.94252681699993 ], [ 15.388840293000158, -11.966968534999921 ], [ 15.313970565999966, -11.962535857999967 ], [ 15.278998375000128, -12.004202842999973 ], [ 15.256252288999974, -12.016700742999944 ], [ 15.231856346000029, -12.006987570999911 ], [ 15.180529594000177, -12.037544249999883 ], [ 15.119239807000042, -12.044775963999882 ], [ 15.077335358000084, -12.085886 ], [ 15.029027177000103, -12.206648635999898 ], [ 14.981892586000072, -12.195960044999879 ], [ 14.976331710000011, -12.150609015999976 ], [ 14.954995155000063, -12.135610579999877 ], [ 14.838032722000037, -12.079530714999919 ], [ 14.814742088000173, -12.079534529999876 ], [ 14.767852782999967, -12.10314655399992 ], [ 14.672479629000065, -12.091496467999946 ], [ 14.612178803000177, -11.972376823999866 ], [ 14.525472641000079, -11.859862326999973 ], [ 14.495640755000011, -11.83218479199985 ], [ 14.472640037000133, -11.82802772499997 ], [ 14.422452926000119, -11.84331703099997 ] ] ] } },
{ "type": "Feature", "properties": { "province": "Cunene" }, "geometry": { "type": "Polygon", "coordinates": [ [ [ 16.870357514000091, -17.390086172999929 ], [ 14.214320183000098, -17.384059905999948 ], [ 14.204491615000109, -17.411901472999887 ], [ 14.165695191000168, -17.419925688999911 ], [ 14.152160645000095, -17.433559417999902 ], [ 14.111769676999984, -17.426219938999964 ], [ 14.094229698000106, -17.442470550999928 ], [ 14.019008636000137, -17.419820784999956 ], [ 13.992979050000088, -17.431652068999938 ], [ 13.956889152000031, -17.43337249699988 ], [ 13.929780006000044, -17.417849540999896 ], [ 13.915140153000095, -17.379213333999871 ], [ 13.880519866000043, -17.350980758999981 ], [ 13.815265179, -17.324436187999936 ], [ 13.750650405000044, -17.280120847999967 ], [ 13.717882156000144, -17.26974391899995 ], [ 13.691269875000103, -17.246229171999971 ], [ 13.677515031000155, -17.246448517999852 ], [ 13.634270667000067, -17.203880309999874 ], [ 13.544890404000114, -17.147809982999945 ], [ 13.51065540400009, -17.135110854999937 ], [ 13.504791260000161, -17.126319885999976 ], [ 13.522021294000069, -17.105550765999965 ], [ 13.522411347000116, -17.090618132999964 ], [ 13.469339371000046, -17.019329069999969 ], [ 13.413768769000058, -16.998350141999936 ], [ 13.378569602000084, -16.975349426999969 ], [ 13.339598020000039, -16.973518370999955 ], [ 13.335140228000114, -16.922138212999926 ], [ 13.307927132000032, -16.873170851999873 ], [ 13.16311454900017, -16.733968733999973 ], [ 13.142690659000152, -16.709238051999932 ], [ 13.135041236000063, -16.685068129999934 ], [ 13.155252458000064, -16.640344618999961 ], [ 13.178397178000125, -16.618673322999939 ], [ 13.201181412000096, -16.615898132999916 ], [ 13.226238252000087, -16.599508284999956 ], [ 13.262253762, -16.549777984999935 ], [ 13.243253709000101, -16.504777908999927 ], [ 13.20256614699997, -16.467275618999849 ], [ 13.232131005000156, -16.425601958999948 ], [ 13.271578789000046, -16.417266844999858 ], [ 13.28749084500015, -16.390317916999948 ], [ 13.303623200000061, -16.379203796999889 ], [ 13.325830459000144, -16.381980896999892 ], [ 13.341741562000095, -16.35169982799988 ], [ 13.352809905000072, -16.365587233999918 ], [ 13.382315635000168, -16.339193343999909 ], [ 13.401478768000061, -16.337802886999896 ], [ 13.482516288000113, -16.248334883999973 ], [ 13.540719986, -16.295284271999947 ], [ 13.580592156000023, -16.343902587999935 ], [ 13.62607669800019, -16.372516630999939 ], [ 13.745362282000144, -16.325565337999876 ], [ 13.773189544000047, -16.304174422999949 ], [ 13.896611215000178, -16.141965864999918 ], [ 13.927453995, -16.136972425999943 ], [ 13.950485229000151, -16.1491985319999 ], [ 13.986230850000027, -16.193927764999955 ], [ 14.007877349000069, -16.204210281999963 ], [ 14.030111313000134, -16.201440811999873 ], [ 14.057933806999984, -16.180334090999906 ], [ 14.084422111000151, -16.134510040999942 ], [ 14.105857850000177, -16.113132475999976 ], [ 14.238711358000046, -16.086780546999933 ], [ 14.260149955000088, -16.063457488999973 ], [ 14.37556362100014, -16.00710868799996 ], [ 14.526732444000118, -15.84938430699998 ], [ 14.596714019000103, -15.867165565999869 ], [ 14.668409348000182, -15.856059074999905 ], [ 14.95497226700013, -15.92244625099994 ], [ 14.977456093000058, -15.931889533999879 ], [ 15.021824837000111, -15.976330755999982 ], [ 15.041434288, -16.04327010999998 ], [ 15.138338089, -16.066326140999934 ], [ 15.161398887000075, -16.062715528999888 ], [ 15.195637703999978, -15.995011328999908 ], [ 15.255780220000133, -15.930219649999913 ], [ 15.311510086000169, -15.818552017999934 ], [ 15.326586723000162, -15.769387243999972 ], [ 15.38861846900005, -15.709108351999873 ], [ 15.4201173780001, -15.63244056699989 ], [ 15.47163486400018, -15.542436598999871 ], [ 15.496920586000101, -15.533543586999826 ], [ 15.540570260000038, -15.486357688999874 ], [ 15.616189003000159, -15.436869621999904 ], [ 15.64756584100013, -15.438256262999971 ], [ 15.720662116000085, -15.389356612999904 ], [ 15.765909194000187, -15.397689818999936 ], [ 15.834509849000142, -15.384347915999911 ], [ 15.894457817000159, -15.406287193999958 ], [ 16.016071319000105, -15.407669066999972 ], [ 16.038551330000189, -15.414889334999884 ], [ 16.139644622, -15.389046668999868 ], [ 16.215984344, -15.40320682499987 ], [ 16.239877701000125, -15.385704994999969 ], [ 16.292150498000069, -15.314866064999876 ], [ 16.361907959000177, -15.247080803999893 ], [ 16.371646881, -15.224578856999869 ], [ 16.394989014000032, -15.201242445999981 ], [ 16.539955140000075, -15.1459531779999 ], [ 16.635435104000123, -15.162890433999848 ], [ 16.746734845000049, -15.162010472999953 ], [ 16.777284621000149, -15.17066097299994 ], [ 16.785051345000113, -15.17815780699982 ], [ 16.776708604000191, -15.194546699999933 ], [ 16.779188155000099, -15.215935706999971 ], [ 16.799989700000026, -15.237049101999958 ], [ 16.849386215000152, -15.258436202999917 ], [ 16.856588365000107, -15.278432845999873 ], [ 16.849075318000075, -15.29899215699993 ], [ 16.87625694400009, -15.325654030999942 ], [ 16.917879104000065, -15.347041129999923 ], [ 16.922014236000109, -15.380099296999958 ], [ 16.942552566000188, -15.387875556999973 ], [ 16.968067169000165, -15.417875289999927 ], [ 17.025245666000046, -15.433426855999812 ], [ 17.039657593000129, -15.461202619999938 ], [ 17.058544158000075, -15.450368879999871 ], [ 17.074035644000048, -15.518699646999892 ], [ 17.094839096000044, -15.541754721999951 ], [ 17.165616988000068, -15.559529304999955 ], [ 17.227699280000138, -15.693135260999952 ], [ 17.29784965500005, -15.806739806999929 ], [ 17.366382598000087, -15.866175651999924 ], [ 17.389112473000068, -15.911171912999976 ], [ 17.387289048000071, -16.101171492999924 ], [ 17.420181274000015, -16.276994704999936 ], [ 17.420063019000111, -16.365619658999947 ], [ 17.38695907500005, -16.477819442999873 ], [ 17.317750932000081, -16.544485091999945 ], [ 17.292106628000113, -16.643093109999938 ], [ 17.233400344000188, -16.751697538999849 ], [ 17.221330644000034, -16.878627776999906 ], [ 17.220930100000089, -16.991662978999955 ], [ 17.303035735000151, -17.246292112999981 ], [ 17.272819519000109, -17.398164747999942 ], [ 16.870357514000091, -17.390086172999929 ] ] ] } },
{ "type": "Feature", "properties": { "province": "Huambo" }, "geometry": { "type": "Polygon", "coordinates": [ [ [ 15.506987571000025, -13.636290550999888 ], [ 15.414305688000127, -13.640185355999904 ], [ 15.389892579000161, -13.631299018999982 ], [ 15.377962303000174, -13.610081481999941 ], [ 15.367588044000058, -13.463800430999981 ], [ 15.345439911000085, -13.416303634999963 ], [ 15.326315880000038, -13.394083975999877 ], [ 15.304127693000112, -13.384361265999928 ], [ 15.205332756000132, -13.404088972999887 ], [ 15.160366057999966, -13.420762061999937 ], [ 15.073833466000053, -13.386879920999945 ], [ 15.05471325000002, -13.363826750999976 ], [ 15.051129341999967, -13.342157362999899 ], [ 14.984294891000161, -13.312439917999939 ], [ 14.962958335999986, -13.287723539999888 ], [ 14.9109096520001, -13.188003539999954 ], [ 14.937067032000016, -13.116619109999874 ], [ 14.919973374000051, -13.01968097699995 ], [ 14.847974778000037, -12.900246619999962 ], [ 14.84719562600003, -12.854142187999912 ], [ 14.809270859000151, -12.779704093999953 ], [ 14.809300423000138, -12.754154204999963 ], [ 14.825413702999981, -12.733321188999923 ], [ 14.799389839000071, -12.683882711999956 ], [ 14.824658395000029, -12.661664007999946 ], [ 14.894439310000109, -12.624324085999945 ], [ 14.90377903000018, -12.599996565999959 ], [ 14.931262970000148, -12.577220915999931 ], [ 14.981763839000166, -12.554995536999968 ], [ 15.057496071000173, -12.543324469999959 ], [ 15.075827599000093, -12.51693916399995 ], [ 15.050351143000171, -12.473611830999971 ], [ 15.063409805000106, -12.452780722999933 ], [ 15.024669647000167, -12.358907698999872 ], [ 15.02730464900003, -12.211702345999981 ], [ 15.066220284, -12.108939169999928 ], [ 15.095653534000121, -12.062275885999895 ], [ 15.119239807000042, -12.044775963999882 ], [ 15.180529594000177, -12.037544249999883 ], [ 15.231856346000029, -12.006987570999911 ], [ 15.256252288999974, -12.016700742999944 ], [ 15.278998375000128, -12.004202842999973 ], [ 15.313970565999966, -11.962535857999967 ], [ 15.388840293000158, -11.966968534999921 ], [ 15.374714850000146, -11.94252681699993 ], [ 15.392786027000113, -11.870865821999871 ], [ 15.374496459999989, -11.847540853999874 ], [ 15.398911476000023, -11.830314636999901 ], [ 15.398933410000097, -11.793375015999914 ], [ 15.412536620000139, -11.765322683999955 ], [ 15.388422965000075, -11.74755096399997 ], [ 15.385396003000096, -11.701445577999891 ], [ 15.358243943000048, -11.662291525999933 ], [ 15.366047859000048, -11.588134765999882 ], [ 15.409591675000058, -11.553960799999913 ], [ 15.48279857700004, -11.538669585999912 ], [ 15.527728080000088, -11.508666991999974 ], [ 15.717124938000154, -11.478351591999967 ], [ 15.740422249000176, -11.46834564299985 ], [ 15.754293442000119, -11.444733618999976 ], [ 15.823055267000086, -11.478606223999975 ], [ 15.847736358000191, -11.473048209999831 ], [ 15.896257400000081, -11.495537756999965 ], [ 15.992487908000044, -11.481351851999932 ], [ 16.034927367000137, -11.441625594999948 ], [ 16.060995101000117, -11.434677124999951 ], [ 16.106193541999971, -11.47216415399987 ], [ 16.179128647000141, -11.469653128999937 ], [ 16.200479507000125, -11.491312980999908 ], [ 16.293939590000093, -11.485185621999904 ], [ 16.321647643, -11.615178107999952 ], [ 16.342170715000123, -11.635451315999944 ], [ 16.34604835600004, -11.656282423999926 ], [ 16.391805648000059, -11.680723189999981 ], [ 16.392353058000083, -11.709610937999969 ], [ 16.473606109000059, -11.755429267999887 ], [ 16.487459183000169, -11.821537970999884 ], [ 16.569543839000175, -11.892079352999929 ], [ 16.589221191000092, -11.941855810999925 ], [ 16.582277298000122, -11.977633474999948 ], [ 16.558692933000145, -11.997080803999893 ], [ 16.521503448000146, -12.056805609999913 ], [ 16.511220930999968, -12.113195419999954 ], [ 16.491235732000121, -12.148470877999898 ], [ 16.349721908000049, -12.256817816999956 ], [ 16.341938019000054, -12.28959369599994 ], [ 16.358846664000112, -12.314313888999834 ], [ 16.360502243000042, -12.336812972999951 ], [ 16.386566162000179, -12.361532211999929 ], [ 16.394599913999969, -12.385141372999897 ], [ 16.383462906999966, -12.468745230999957 ], [ 16.376385497000058, -12.492189026999881 ], [ 16.303810120000037, -12.538475990999871 ], [ 16.306280135, -12.584588050999969 ], [ 16.317640305000111, -12.609025953999833 ], [ 16.340108871000041, -12.614304541999957 ], [ 16.360626222000064, -12.63624572699996 ], [ 16.37003135700013, -12.688467025999955 ], [ 16.463773728000035, -12.739562033999903 ], [ 16.510236739999982, -12.752478598999971 ], [ 16.50559806800004, -12.860670088999939 ], [ 16.513904572000058, -12.891781805999926 ], [ 16.509176255000114, -12.915114401999915 ], [ 16.517990113000167, -13.024553297999944 ], [ 16.545099258999983, -13.158438681999939 ], [ 16.534536361000164, -13.19066238399995 ], [ 16.545061112000155, -13.221219062999921 ], [ 16.53070983900011, -13.360964773999967 ], [ 16.455619813000112, -13.371223449999945 ], [ 16.408740997, -13.350117683999883 ], [ 16.387098312000148, -13.348452567999971 ], [ 16.311054229000149, -13.37151432099995 ], [ 16.285261155000171, -13.358459471999879 ], [ 16.274457932000075, -13.332905768999979 ], [ 16.249759674000018, -13.33651638099991 ], [ 16.221178055000109, -13.343464851999897 ], [ 16.196743012000127, -13.364300727999932 ], [ 16.149908543000038, -13.4381613729999 ], [ 16.079032899000083, -13.450974464999945 ], [ 16.053787231000058, -13.442088125999931 ], [ 16.011095048000072, -13.396535873999881 ], [ 15.964479446000098, -13.39403915399987 ], [ 15.814517021000086, -13.548767089999956 ], [ 15.758958816000131, -13.618217468999944 ], [ 15.735912323000036, -13.63543796599987 ], [ 15.663471221000066, -13.657112121999887 ], [ 15.647910117000038, -13.679613112999903 ], [ 15.647335053000063, -13.700720786999966 ], [ 15.627058030000171, -13.721555708999972 ], [ 15.529059410000059, -13.767397879999976 ], [ 15.507141113000102, -13.763510704999874 ], [ 15.506987571000025, -13.636290550999888 ] ] ] } },
{ "type": "Feature", "properties": { "province": "Huíla" }, "geometry": { "type": "Polygon", "coordinates": [ [ [ 13.862892150000107, -16.191125868999961 ], [ 13.773189544000047, -16.304174422999949 ], [ 13.745362282000144, -16.325565337999876 ], [ 13.62607669800019, -16.372516630999939 ], [ 13.580592156000023, -16.343902587999935 ], [ 13.540719986, -16.295284271999947 ], [ 13.482516288000113, -16.248334883999973 ], [ 13.508655548000149, -16.23472022899989 ], [ 13.517314911000142, -16.213048933999858 ], [ 13.539584160000175, -16.192485809999937 ], [ 13.541022300000179, -16.171092986999952 ], [ 13.500649453000051, -16.099416732999941 ], [ 13.490756034000071, -16.054407119999894 ], [ 13.528167725000174, -15.963005065999937 ], [ 13.606489182000075, -15.827733039999941 ], [ 13.558322906000058, -15.756056783999952 ], [ 13.553371429000094, -15.734111785999914 ], [ 13.559684754000102, -15.494955061999974 ], [ 13.483661652000023, -15.46715164099993 ], [ 13.435983658000055, -15.43074607799997 ], [ 13.421035767000035, -15.408241270999952 ], [ 13.434172630000148, -15.359914778999894 ], [ 13.418711663000124, -15.314079283999888 ], [ 13.390965461000178, -15.307680128999948 ], [ 13.380376815000147, -15.32878398999992 ], [ 13.355643273000055, -15.345165252999948 ], [ 13.332044602000167, -15.347105025999952 ], [ 13.310993196000084, -15.322377204999896 ], [ 13.31826210100013, -15.295989990999942 ], [ 13.314435005000178, -15.263484954999967 ], [ 13.285579682, -15.257922171999951 ], [ 13.237264633, -15.270692824999912 ], [ 13.21454238900003, -15.25069045999993 ], [ 13.212643622000087, -15.227352141999916 ], [ 13.287376404000156, -15.185699462999935 ], [ 13.295191765000141, -15.162089348999928 ], [ 13.23591613800005, -15.094291686999952 ], [ 13.243176460000029, -15.069847105999941 ], [ 13.284611702, -15.022363661999918 ], [ 13.259475709000128, -14.951517103999947 ], [ 13.259523392000062, -14.924017905999904 ], [ 13.300123214000052, -14.881261824999967 ], [ 13.348159790000182, -14.874073027999941 ], [ 13.367359162000128, -14.849084853999841 ], [ 13.440190315000052, -14.793873786999825 ], [ 13.515209198000093, -14.761720657999888 ], [ 13.574704171000178, -14.721779823999839 ], [ 13.624890327000173, -14.607408523999879 ], [ 13.630331040000101, -14.512714384999924 ], [ 13.686005593000118, -14.438892364999958 ], [ 13.682257652999965, -14.355578421999951 ], [ 13.672332762999986, -14.31197261799997 ], [ 13.680464744000062, -14.262821196999937 ], [ 13.65687465600007, -14.252535819999878 ], [ 13.634360314000105, -14.264183997999908 ], [ 13.61077880900018, -14.248336790999929 ], [ 13.601096152000082, -14.224168775999885 ], [ 13.617238998000118, -14.172217844999977 ], [ 13.579664230000162, -14.079195974999891 ], [ 13.588597297000035, -14.04782771999993 ], [ 13.632866859000046, -13.977046012999949 ], [ 13.639286042000151, -13.954556464999825 ], [ 13.632101060000025, -13.93095016399991 ], [ 13.588541984000187, -13.902045248999912 ], [ 13.569679833000123, -13.848439978999977 ], [ 13.688120842999979, -13.801265716999922 ], [ 13.711448669000106, -13.803486822999957 ], [ 13.756950378000056, -13.839867590999972 ], [ 13.851374625000062, -13.855131147999828 ], [ 13.875876903000062, -13.854563808999956 ], [ 13.922542572000168, -13.824839590999943 ], [ 13.946720123000034, -13.820670127999904 ], [ 13.97699165400013, -13.825106620999975 ], [ 14.0452766410001, -13.855919837999977 ], [ 14.094466209000075, -13.842852592999975 ], [ 14.220517158000121, -13.869768141999941 ], [ 14.341313363000097, -13.871133802999964 ], [ 14.363535882000178, -13.864182471999982 ], [ 14.379123688000107, -13.839735031999965 ], [ 14.462401390000025, -13.666934011999956 ], [ 14.485175132000165, -13.659150121999915 ], [ 14.483207226000047, -13.61468744199982 ], [ 14.506910323000056, -13.601371764999953 ], [ 14.656695367000054, -13.666072843999927 ], [ 14.680293083000151, -13.661073684999906 ], [ 14.805232047000118, -13.618285179999873 ], [ 14.88831233999997, -13.528554914999916 ], [ 14.918029785000044, -13.507163999999818 ], [ 14.941055297000048, -13.513273238999943 ], [ 14.962401390000082, -13.531050681999943 ], [ 14.984319687000038, -13.53299140799993 ], [ 15.008207321000157, -13.511046409999949 ], [ 15.056792260000122, -13.491045951999979 ], [ 15.09702205800005, -13.491873740999893 ], [ 15.116544723000175, -13.403820037999935 ], [ 15.160366057999966, -13.420762061999937 ], [ 15.205332756000132, -13.404088972999887 ], [ 15.304127693000112, -13.384361265999928 ], [ 15.326315880000038, -13.394083975999877 ], [ 15.345439911000085, -13.416303634999963 ], [ 15.367588044000058, -13.463800430999981 ], [ 15.37357044200013, -13.585463523999977 ], [ 15.389892579000161, -13.631299018999982 ], [ 15.414305688000127, -13.640185355999904 ], [ 15.506987571000025, -13.636290550999888 ], [ 15.507141113000102, -13.763510704999874 ], [ 15.529059410000059, -13.767397879999976 ], [ 15.627058030000171, -13.721555708999972 ], [ 15.647335053000063, -13.700720786999966 ], [ 15.647910117000038, -13.679613112999903 ], [ 15.663471221000066, -13.657112121999887 ], [ 15.735912323000036, -13.63543796599987 ], [ 15.758958816000131, -13.618217468999944 ], [ 15.814517021000086, -13.548767089999956 ], [ 15.964479446000098, -13.39403915399987 ], [ 16.011095048000072, -13.396535873999881 ], [ 16.053787231000058, -13.442088125999931 ], [ 16.079032899000083, -13.450974464999945 ], [ 16.149908543000038, -13.4381613729999 ], [ 16.196743012000127, -13.364300727999932 ], [ 16.221178055000109, -13.343464851999897 ], [ 16.249759674000018, -13.33651638099991 ], [ 16.274457932000075, -13.332905768999979 ], [ 16.285261155000171, -13.358459471999879 ], [ 16.311054229000149, -13.37151432099995 ], [ 16.387098312000148, -13.348452567999971 ], [ 16.408740997, -13.350117683999883 ], [ 16.455619813000112, -13.371223449999945 ], [ 16.53070983900011, -13.360964773999967 ], [ 16.519405365000011, -13.420664786999964 ], [ 16.537391662000061, -13.4978828429999 ], [ 16.527021409000099, -13.649828909999883 ], [ 16.49616050800006, -13.732329368999899 ], [ 16.493631362000087, -13.778164863999848 ], [ 16.475013732000093, -13.81288528399989 ], [ 16.488016129000073, -13.867328644999816 ], [ 16.474315644000058, -14.001221655999927 ], [ 16.4912185660001, -14.038722038999936 ], [ 16.478143691000184, -14.079552649999926 ], [ 16.501951217000055, -14.150663375999898 ], [ 16.487180710000132, -14.234277724999913 ], [ 16.466346741, -14.255944251999892 ], [ 16.465227126, -14.268722533999892 ], [ 16.479070664000062, -14.309000968999953 ], [ 16.482627869000112, -14.371500969999943 ], [ 16.512268067000093, -14.436778068999899 ], [ 16.503913879000095, -14.469555854999896 ], [ 16.513048172000083, -14.501222610999889 ], [ 16.505516051000143, -14.549278257999845 ], [ 16.50682640000008, -14.639278412999829 ], [ 16.560354233000112, -14.688445091999938 ], [ 16.583114625000178, -14.690943718999904 ], [ 16.586990357000047, -14.699831007999933 ], [ 16.576154709000036, -14.712887763999959 ], [ 16.632488251000098, -14.728437422999946 ], [ 16.631647109000141, -14.737326621999841 ], [ 16.621652603000086, -14.740386007999916 ], [ 16.607734681000125, -14.786773681999875 ], [ 16.648227691000159, -14.823993682999969 ], [ 16.662616730000082, -14.877884863999952 ], [ 16.655048371000134, -14.960108756999944 ], [ 16.674173355, -14.995660781999959 ], [ 16.709396362000177, -15.029829025999959 ], [ 16.715198516999976, -15.064273834999881 ], [ 16.701301575000173, -15.078438758999937 ], [ 16.69934272900008, -15.099827765999976 ], [ 16.746734845000049, -15.162010472999953 ], [ 16.635435104000123, -15.162890433999848 ], [ 16.539955140000075, -15.1459531779999 ], [ 16.418043137000154, -15.189297675999967 ], [ 16.371646881, -15.224578856999869 ], [ 16.361907959000177, -15.247080803999893 ], [ 16.292150498000069, -15.314866064999876 ], [ 16.239877701000125, -15.385704994999969 ], [ 16.215984344, -15.40320682499987 ], [ 16.139644622, -15.389046668999868 ], [ 16.038551330000189, -15.414889334999884 ], [ 16.016071319000105, -15.407669066999972 ], [ 15.894457817000159, -15.406287193999958 ], [ 15.834509849000142, -15.384347915999911 ], [ 15.765909194000187, -15.397689818999936 ], [ 15.720662116000085, -15.389356612999904 ], [ 15.64756584100013, -15.438256262999971 ], [ 15.616189003000159, -15.436869621999904 ], [ 15.540570260000038, -15.486357688999874 ], [ 15.496920586000101, -15.533543586999826 ], [ 15.47163486400018, -15.542436598999871 ], [ 15.4201173780001, -15.63244056699989 ], [ 15.38861846900005, -15.709108351999873 ], [ 15.326586723000162, -15.769387243999972 ], [ 15.311510086000169, -15.818552017999934 ], [ 15.255780220000133, -15.930219649999913 ], [ 15.195637703999978, -15.995011328999908 ], [ 15.161398887000075, -16.062715528999888 ], [ 15.138338089, -16.066326140999934 ], [ 15.041434288, -16.04327010999998 ], [ 15.021824837000111, -15.976330755999982 ], [ 14.977456093000058, -15.931889533999879 ], [ 14.95497226700013, -15.92244625099994 ], [ 14.668409348000182, -15.856059074999905 ], [ 14.596714019000103, -15.867165565999869 ], [ 14.526732444000118, -15.84938430699998 ], [ 14.37556362100014, -16.00710868799996 ], [ 14.260149955000088, -16.063457488999973 ], [ 14.238711358000046, -16.086780546999933 ], [ 14.105857850000177, -16.113132475999976 ], [ 14.084422111000151, -16.134510040999942 ], [ 14.057933806999984, -16.180334090999906 ], [ 14.030111313000134, -16.201440811999873 ], [ 14.007877349000069, -16.204210281999963 ], [ 13.986230850000027, -16.193927764999955 ], [ 13.950485229000151, -16.1491985319999 ], [ 13.927453995, -16.136972425999943 ], [ 13.896611215000178, -16.141965864999918 ], [ 13.872946739000099, -16.16612625199997 ], [ 13.862892150000107, -16.191125868999961 ] ] ] } },
{ "type": "Feature", "properties": { "province": "Luanda" }, "geometry": { "type": "MultiPolygon", "coordinates": [ [ [ [ 13.255722999000113, -9.185105323999949 ], [ 13.22867202700013, -9.210216044999981 ], [ 13.219335296000054, -9.267207780999911 ], [ 13.203208080000081, -9.290198969999892 ], [ 13.19282374800008, -9.293396956999914 ], [ 13.196262818000093, -9.305184924999935 ], [ 13.186234702000093, -9.32672162199998 ], [ 13.173681586000043, -9.329359217999979 ], [ 13.172666502000084, -9.318181065999966 ], [ 13.152812441000037, -9.344259181999917 ], [ 13.052601549000087, -9.18812200699989 ], [ 13.030933330000039, -9.142039900999976 ], [ 12.996944833000043, -9.099643943999979 ], [ 12.997844435000047, -9.030742564999912 ], [ 13.015342857000121, -9.033669350999958 ], [ 13.003749912999979, -9.037814043999958 ], [ 13.012828456000022, -9.104999998999972 ], [ 13.027028, -9.070064799999955 ], [ 13.052364816000136, -9.052206813999874 ], [ 13.103687238000191, -8.960853785999973 ], [ 13.113951818000032, -8.95495227299989 ], [ 13.138009750000151, -8.961938760999942 ], [ 13.14943070400011, -8.954027747999874 ], [ 13.159146649000149, -8.908233641999914 ], [ 13.203861237000012, -8.858630191999964 ], [ 13.203403, -8.839706949999936 ], [ 13.214924812000163, -8.830548840999882 ], [ 13.220417534000092, -8.80647847399996 ], [ 13.233037943000056, -8.810906642999896 ], [ 13.244495240000106, -8.797728592999931 ], [ 13.26867347100017, -8.799403600999881 ], [ 13.298219129000131, -8.757827557999974 ], [ 13.365694466999969, -8.775453199999959 ], [ 13.396266262999973, -8.749165636999976 ], [ 13.415463333000105, -8.67800933299992 ], [ 13.411514582000166, -8.636368108999932 ], [ 13.475519090000034, -8.675770879999902 ], [ 13.523567286000116, -8.650883847999978 ], [ 13.633978038000066, -8.853314441999885 ], [ 13.605339000000129, -8.856892998999967 ], [ 13.52679443300002, -8.897945402999881 ], [ 13.527372361000062, -8.951684474999979 ], [ 13.494011551000085, -8.979174172999933 ], [ 13.466513633000034, -9.06945800799997 ], [ 13.475972812000123, -9.158719061999875 ], [ 13.46812410400014, -9.170296286999871 ], [ 13.454219816999966, -9.160967825999876 ], [ 13.396167755000022, -9.154782295999951 ], [ 13.388778845000047, -9.156412283999884 ], [ 13.385507902000029, -9.179275194999946 ], [ 13.375183582999966, -9.167263030999891 ], [ 13.317408560999979, -9.149665830999822 ], [ 13.283409595000137, -9.17835044799989 ], [ 13.255722999000113, -9.185105323999949 ] ] ], [ [ [ 13.025290909000091, -9.014184181999894 ], [ 13.019185425000103, -9.021944499999904 ], [ 13.023560067000062, -9.008361066999839 ], [ 13.025290909000091, -9.014184181999894 ] ] ], [ [ [ 13.131111286000134, -8.936845 ], [ 13.133606682, -8.933332694999876 ], [ 13.136847056000079, -8.939088667999897 ], [ 13.131111286000134, -8.936845 ] ] ], [ [ [ 13.102810810000108, -8.944887761999894 ], [ 13.123371545, -8.907385817999909 ], [ 13.128277375000039, -8.907899124999972 ], [ 13.118898853000132, -8.942168705999904 ], [ 13.102810810000108, -8.944887761999894 ] ] ], [ [ [ 13.044027667000137, -8.967361499999981 ], [ 13.14239328900004, -8.866281624999885 ], [ 13.15447830100004, -8.865165285999979 ], [ 13.1401121130001, -8.889018436999947 ], [ 13.119112693999966, -8.90015088899986 ], [ 13.103444225000032, -8.923240606999912 ], [ 13.062963902000092, -8.956587609999929 ], [ 13.049485828000115, -8.980045965999977 ], [ 13.035485021000113, -8.984845599999971 ], [ 13.044027667000137, -8.967361499999981 ] ] ] ] } },
{ "type": "Feature", "properties": { "province": "Lunda Norte" }, "geometry": { "type": "Polygon", "coordinates": [ [ [ 18.474300385000106, -10.413811682999835 ], [ 18.49983215300017, -10.430473326999959 ], [ 18.483467102000134, -10.442148207999878 ], [ 18.484859467000149, -10.450201032999928 ], [ 18.510107040000037, -10.450752258999898 ], [ 18.535089112000094, -10.472694967999928 ], [ 18.462963103000163, -10.506327627999951 ], [ 18.435789108, -10.551339149999933 ], [ 18.443290711000145, -10.575508116999913 ], [ 18.4652156840001, -10.588280677999876 ], [ 18.478265763000081, -10.613285064999957 ], [ 18.454420090000042, -10.661073684999906 ], [ 18.310981751000156, -10.667766570999959 ], [ 18.219682692999982, -10.610001563999958 ], [ 18.195819855000025, -10.605562210999892 ], [ 18.172506333000172, -10.577783583999917 ], [ 18.104793549000192, -10.529729841999938 ], [ 18.015174865000176, -10.508356092999918 ], [ 18.015443803000039, -10.487245558999916 ], [ 17.974922179000146, -10.445023535999951 ], [ 17.971725464000031, -10.428858755999954 ], [ 18.074176788000159, -10.335252761999982 ], [ 18.073673249000137, -10.306135176999931 ], [ 18.028289795000148, -10.290177344999961 ], [ 18.013103486000091, -10.277322769999955 ], [ 17.99494743300005, -10.24680995999995 ], [ 17.973854064000136, -10.235788345999936 ], [ 17.95126152000006, -10.176866529999927 ], [ 17.926652907000118, -10.164264678999871 ], [ 17.920145035000075, -10.146937369999932 ], [ 17.925638199000161, -10.106411933999937 ], [ 17.939117431000057, -10.09281158399989 ], [ 17.938520431000029, -10.073267935999866 ], [ 17.896709442000144, -10.011781691999943 ], [ 17.890756607000071, -9.977609634999965 ], [ 17.861381531000177, -9.970303534999971 ], [ 17.842359542000054, -9.948204039999951 ], [ 17.809160232000067, -9.842237471999965 ], [ 17.712938308000105, -9.797506332999944 ], [ 17.638322831000039, -9.808632849999924 ], [ 17.621938706000037, -9.786966323999934 ], [ 17.62550926300014, -9.741687774999832 ], [ 17.604963303000147, -9.719190595999919 ], [ 17.596900940000182, -9.695856094999954 ], [ 17.50672340400007, -9.672821997999961 ], [ 17.484794617000148, -9.656717300999958 ], [ 17.470329284000115, -9.612276075999944 ], [ 17.42232704200012, -9.602563857999883 ], [ 17.40815925600009, -9.580343246999973 ], [ 17.416933060000019, -9.554789733999883 ], [ 17.409204483000167, -9.510898590999886 ], [ 17.385854721000157, -9.465067862999945 ], [ 17.363918305000027, -9.443965911999953 ], [ 17.356378555000049, -9.397021293999899 ], [ 17.335273743000187, -9.37536239699989 ], [ 17.330505372000061, -9.327864645999853 ], [ 17.377069474000052, -9.288967130999936 ], [ 17.496313094000072, -9.244218826999941 ], [ 17.541526795000152, -9.237541198999963 ], [ 17.562305451000043, -9.210317610999937 ], [ 17.560863494000046, -9.163652418999959 ], [ 17.595209121000096, -9.116147040999977 ], [ 17.601011276000065, -9.094201086999931 ], [ 17.581806183000083, -9.045595168999967 ], [ 17.56700515700004, -8.97448921199998 ], [ 17.596757889000116, -8.816981313999975 ], [ 17.599470138000129, -8.774482727999953 ], [ 17.590221405000023, -8.70892620099994 ], [ 17.602090836000059, -8.665868757999931 ], [ 17.589538575, -8.619483946999935 ], [ 17.595857621000107, -8.574199674999875 ], [ 17.549749373000168, -8.544774055999881 ], [ 17.524940491000052, -8.46589374499996 ], [ 17.539272308000022, -8.396734236999976 ], [ 17.574241257000153, -8.352895545999957 ], [ 17.558889389, -8.335912703999895 ], [ 17.544525146000183, -8.24160766499989 ], [ 17.54162788300016, -8.198384284999918 ], [ 17.557146072000137, -8.185637474999965 ], [ 17.55599784900005, -8.174009322999893 ], [ 17.538408279000066, -8.150499342999979 ], [ 17.527286530000083, -8.148288726999965 ], [ 17.524742126000035, -8.137222288999908 ], [ 17.535380554000085, -8.108044052999958 ], [ 17.560329437000178, -8.127449035999973 ], [ 17.611318588000074, -8.128493308999964 ], [ 17.685249328000054, -8.10149574199994 ], [ 17.719055176000154, -8.097124098999871 ], [ 17.796819686000106, -8.110906600999897 ], [ 17.825239182000132, -8.091477392999934 ], [ 17.884962081000083, -8.078966616999878 ], [ 17.939872742000148, -8.082389831999876 ], [ 17.982000351000124, -8.112999915999922 ], [ 17.999999999000124, -8.097999572999925 ], [ 18.100360869999975, -8.099055289999967 ], [ 18.103469848000032, -8.087327002999928 ], [ 18.087491989000057, -8.067993164999905 ], [ 18.098337174000051, -8.040159701999926 ], [ 18.135000228000081, -8.034999845999948 ], [ 18.152999878000116, -8.008999824999933 ], [ 18.216976166000165, -7.989453791999892 ], [ 18.261306764000096, -7.993906974999959 ], [ 18.292027474000122, -7.988092421999966 ], [ 18.307419778000053, -7.993701457999975 ], [ 18.299810410000191, -7.999999998999954 ], [ 18.303998947000082, -8.013999938999973 ], [ 18.375659942000141, -8.027325628999961 ], [ 18.398000717000059, -8.012999534999949 ], [ 18.391096115000039, -7.999999998999954 ], [ 18.527000427000075, -7.999999998999954 ], [ 18.533000945000083, -7.97200012199994 ], [ 18.555685043000096, -7.94838285499992 ], [ 18.558158874000071, -7.933583258999931 ], [ 18.777639389000171, -7.922145723999961 ], [ 18.778110504000153, -7.963710784999932 ], [ 18.800197601000036, -7.999999998999954 ], [ 19.43568420400004, -7.9985351549999 ], [ 19.436508178000167, -7.958249568999975 ], [ 19.35740852400005, -7.928155421999975 ], [ 19.357000352000057, -7.913000106999959 ], [ 19.343868574000112, -7.90115880999997 ], [ 19.364000320000116, -7.861000059999981 ], [ 19.361628533000101, -7.812046050999868 ], [ 19.386999130000049, -7.782999992999976 ], [ 19.409000396000181, -7.701000212999929 ], [ 19.39786148200011, -7.650968074999867 ], [ 19.377689362000126, -7.6168608669999 ], [ 19.36867618600013, -7.583096979999937 ], [ 19.381015778000062, -7.570103286999881 ], [ 19.473999024000136, -7.566999910999925 ], [ 19.493869781000114, -7.533022880999965 ], [ 19.485315324000112, -7.503929376999906 ], [ 19.512010574000158, -7.489009856999928 ], [ 19.521909715000049, -7.473873136999941 ], [ 19.549999236000076, -7.47200012199994 ], [ 19.544742585000108, -7.457032202999926 ], [ 19.526375770000186, -7.442701815999897 ], [ 19.532783509000012, -7.431892871999878 ], [ 19.520965575999981, -7.424600122999891 ], [ 19.495678973000054, -7.370518532999938 ], [ 19.503000259000089, -7.355000018999931 ], [ 19.48762369200017, -7.315094947999967 ], [ 19.50505066, -7.209092139999939 ], [ 19.496510289000128, -7.175954589999947 ], [ 19.533220292000181, -7.088127135999969 ], [ 19.563636064000093, -7.057312905999879 ], [ 19.547338486000058, -7.030248163999943 ], [ 19.543858846000091, -6.999790668999879 ], [ 20.301710128000082, -6.99803209199996 ], [ 20.315179824000097, -6.928036211999938 ], [ 20.495397567000055, -6.931538103999969 ], [ 20.534328461000143, -6.919789790999971 ], [ 20.570360184000037, -6.921496390999891 ], [ 20.621345521000023, -6.931686400999979 ], [ 20.619869232000156, -6.975370882999812 ], [ 20.589508057000103, -7.005996227999958 ], [ 20.575254441000084, -7.069577216999903 ], [ 20.551584244000139, -7.112648009999873 ], [ 20.538837432000093, -7.228595255999892 ], [ 20.543514251000033, -7.281459807999909 ], [ 20.81498527499997, -7.280402183999911 ], [ 20.82167833799997, -7.293334229999914 ], [ 21.205167771000163, -7.284243583999967 ], [ 21.203820228000097, -7.278755425999975 ], [ 21.487123488000123, -7.287230013999874 ], [ 21.779689788000042, -7.274680137999951 ], [ 21.784332275000168, -7.292661665999958 ], [ 21.820322991000182, -7.328869580999822 ], [ 21.837957383000173, -7.383994578999932 ], [ 21.828809739000178, -7.402870177999887 ], [ 21.853199959000108, -7.427837370999953 ], [ 21.855670928000052, -7.44246387499993 ], [ 21.843029023000042, -7.459079741999915 ], [ 21.856901170000015, -7.474777936999942 ], [ 21.836360931000058, -7.519999980999899 ], [ 21.853217601000154, -7.555323957999974 ], [ 21.842607498000064, -7.583052157999873 ], [ 21.847669601000121, -7.604880332999926 ], [ 21.828210831000035, -7.622169970999892 ], [ 21.829366683000103, -7.637219905999928 ], [ 21.823810578000177, -7.653029917999845 ], [ 21.81032943800011, -7.661837099999957 ], [ 21.811040879000075, -7.68225192899996 ], [ 21.785839081000177, -7.754673002999937 ], [ 21.768039704000103, -7.777423858999953 ], [ 21.771968724000146, -7.803923089999955 ], [ 21.762060166000083, -7.845355986999948 ], [ 21.770662308000055, -7.893671034999841 ], [ 21.745450973000118, -7.938799857999982 ], [ 21.771226883000111, -8.000438688999907 ], [ 21.827106477000143, -8.079906462999929 ], [ 21.854850769000109, -8.143988607999972 ], [ 21.886962891000167, -8.175973414999874 ], [ 21.879150391, -8.19757175399991 ], [ 21.897418977000086, -8.259836196999913 ], [ 21.896877289000031, -8.289450644999931 ], [ 21.930049261000022, -8.314517338999963 ], [ 21.84992027300018, -8.359077451999951 ], [ 21.804441452000049, -8.433059691999972 ], [ 21.782783508000023, -8.437817573999894 ], [ 21.729936599000041, -8.424821852999855 ], [ 21.63311767700003, -8.460615157999939 ], [ 21.610033035000129, -8.477810858999931 ], [ 21.565256119000026, -8.547454833999893 ], [ 21.373874664000141, -8.580965041999946 ], [ 21.276094437000097, -8.556234358999973 ], [ 21.24831771800018, -8.561503409999943 ], [ 21.22609901400017, -8.577878951999935 ], [ 21.154977799000164, -8.569267271999877 ], [ 21.099975587000131, -8.600638388999926 ], [ 21.026905060000161, -8.606186866999906 ], [ 20.934104919000049, -8.655058860999929 ], [ 20.914367676999973, -8.699490545999936 ], [ 20.838228226000126, -8.735589979999872 ], [ 20.816558838000049, -8.755857466999942 ], [ 20.751005172000077, -8.860522269999933 ], [ 20.711305619000029, -8.986019134999935 ], [ 20.663530350000144, -9.013230322999846 ], [ 20.589090347000024, -9.022941589999903 ], [ 20.509946823000178, -9.082633971999883 ], [ 20.436908721000123, -9.091789245999962 ], [ 20.411643982000044, -9.105950354999891 ], [ 20.382518767000136, -9.175934791999964 ], [ 20.377260208000166, -9.218979833999981 ], [ 20.358945847000143, -9.240922926999872 ], [ 20.337295533000031, -9.256480215999943 ], [ 20.238174438000101, -9.261759758999972 ], [ 20.21458244300004, -9.273150444999885 ], [ 20.106632232000152, -9.358159065999871 ], [ 19.988439561000121, -9.466512680999926 ], [ 19.959716797, -9.694589615999973 ], [ 19.942535400000111, -9.747929572999965 ], [ 19.889560700000118, -9.818219183999872 ], [ 19.815490722000163, -9.887681960999942 ], [ 19.680057525000109, -9.909093856999903 ], [ 19.651201248000177, -9.921601295999892 ], [ 19.579353332000039, -9.98272704999988 ], [ 19.477504731000181, -9.989411353999969 ], [ 19.450866698000141, -9.999975203999895 ], [ 19.350723266000045, -10.084720611999956 ], [ 19.236127853000141, -10.113081930999897 ], [ 19.170944214000144, -10.182268142999931 ], [ 19.144868852, -10.197827338999957 ], [ 19.044431686000166, -10.238685606999923 ], [ 18.899866104000182, -10.251769064999962 ], [ 18.877950669000086, -10.261218069999813 ], [ 18.802793503000089, -10.349575995999885 ], [ 18.682668686000056, -10.401548385999888 ], [ 18.660198211000079, -10.410162924999895 ], [ 18.493944168000155, -10.397443770999928 ], [ 18.471521377000045, -10.402700424999921 ], [ 18.474300385000106, -10.413811682999835 ] ] ] } },
{ "type": "Feature", "properties": { "province": "Lunda Sul" }, "geometry": { "type": "Polygon", "coordinates": [ [ [ 19.984102249999978, -11.266728399999977 ], [ 19.963008882000167, -11.260895728999856 ], [ 19.941642761000082, -11.29507255599998 ], [ 19.90861892800018, -11.303688048999959 ], [ 19.89196777300009, -11.293414115999951 ], [ 19.878366470000117, -11.265632628999924 ], [ 19.857273102000136, -11.265356062999956 ], [ 19.84339523400007, -11.251466749999963 ], [ 19.833404541000107, -11.251467704999868 ], [ 19.808708191000051, -11.268422126999894 ], [ 19.792335509, -11.29370403199988 ], [ 19.724905014000058, -11.309552191999956 ], [ 19.66634368800004, -11.284835815999941 ], [ 19.626102447000164, -11.255391120999946 ], [ 19.602237700999979, -11.250952720999976 ], [ 19.560056687000099, -11.270405769999968 ], [ 19.537031173000116, -11.317084311999906 ], [ 19.461280824000141, -11.380993841999953 ], [ 19.428258896000102, -11.389333724999972 ], [ 19.397180557000183, -11.413233756999944 ], [ 19.374704362000102, -11.418518064999944 ], [ 19.308103561000053, -11.402412412999979 ], [ 19.28146553, -11.403528212999902 ], [ 19.263984681000011, -11.413534163999941 ], [ 19.246784210000158, -11.438264845999981 ], [ 19.189689637000072, -11.455695151999862 ], [ 19.195440292000114, -11.393546104999928 ], [ 19.213199616000111, -11.36909103399995 ], [ 19.21153068600006, -11.342699049999908 ], [ 19.247320175000027, -11.293795585999931 ], [ 19.243154525000136, -11.271574019999889 ], [ 19.212345124000137, -11.224626539999974 ], [ 19.187366485999974, -11.212408064999977 ], [ 19.089969634000113, -11.203812598999946 ], [ 19.010591507000186, -11.111866950999911 ], [ 18.894033433000118, -11.038825035999935 ], [ 18.76838081600016, -10.972307102999878 ], [ 18.75221824700003, -10.919386863999875 ], [ 18.659521104000078, -10.844947815999944 ], [ 18.620929718000184, -10.759113310999908 ], [ 18.617580414000031, -10.698546409999949 ], [ 18.609251023000127, -10.681324958999937 ], [ 18.62367057900002, -10.667705534999982 ], [ 18.65419578500007, -10.673538207999968 ], [ 18.641424178000022, -10.64797782799991 ], [ 18.658901215000014, -10.63936233499993 ], [ 18.658615112000064, -10.619360922999931 ], [ 18.673320770000032, -10.613246917999959 ], [ 18.654449464000038, -10.604083060999926 ], [ 18.667207719000032, -10.591300964999959 ], [ 18.643894196000133, -10.57296562099998 ], [ 18.638614654000094, -10.551019667999867 ], [ 18.626409530000103, -10.566582678999964 ], [ 18.597827911000024, -10.553807257999949 ], [ 18.586168289000057, -10.537696837999931 ], [ 18.579788207999968, -10.545200346999934 ], [ 18.575340272, -10.522416114999942 ], [ 18.557859420000113, -10.522975920999954 ], [ 18.551460265000117, -10.478251456999942 ], [ 18.535089112000094, -10.472694967999928 ], [ 18.528146743000093, -10.460472106999873 ], [ 18.517604829000049, -10.462422370999946 ], [ 18.510107040000037, -10.450752258999898 ], [ 18.484859467000149, -10.450201032999928 ], [ 18.483467102000134, -10.442148207999878 ], [ 18.49983215300017, -10.430473326999959 ], [ 18.481239320000043, -10.421312331999957 ], [ 18.471521377000045, -10.402700424999921 ], [ 18.493944168000155, -10.397443770999928 ], [ 18.660198211000079, -10.410162924999895 ], [ 18.802793503000089, -10.349575995999885 ], [ 18.877950669000086, -10.261218069999813 ], [ 18.899866104000182, -10.251769064999962 ], [ 19.044431686000166, -10.238685606999923 ], [ 19.144868852, -10.197827338999957 ], [ 19.170944214000144, -10.182268142999931 ], [ 19.236127853000141, -10.113081930999897 ], [ 19.350723266000045, -10.084720611999956 ], [ 19.450866698000141, -9.999975203999895 ], [ 19.477504731000181, -9.989411353999969 ], [ 19.579353332000039, -9.98272704999988 ], [ 19.651201248000177, -9.921601295999892 ], [ 19.680057525000109, -9.909093856999903 ], [ 19.815490722000163, -9.887681960999942 ], [ 19.889560700000118, -9.818219183999872 ], [ 19.942535400000111, -9.747929572999965 ], [ 19.959716797, -9.694589615999973 ], [ 19.988439561000121, -9.466512680999926 ], [ 20.106632232000152, -9.358159065999871 ], [ 20.21458244300004, -9.273150444999885 ], [ 20.238174438000101, -9.261759758999972 ], [ 20.337295533000031, -9.256480215999943 ], [ 20.358945847000143, -9.240922926999872 ], [ 20.377260208000166, -9.218979833999981 ], [ 20.382518767000136, -9.175934791999964 ], [ 20.411643982000044, -9.105950354999891 ], [ 20.436908721000123, -9.091789245999962 ], [ 20.509946823000178, -9.082633971999883 ], [ 20.589090347000024, -9.022941589999903 ], [ 20.663530350000144, -9.013230322999846 ], [ 20.711305619000029, -8.986019134999935 ], [ 20.751005172000077, -8.860522269999933 ], [ 20.816558838000049, -8.755857466999942 ], [ 20.838228226000126, -8.735589979999872 ], [ 20.914367676999973, -8.699490545999936 ], [ 20.934104919000049, -8.655058860999929 ], [ 21.026905060000161, -8.606186866999906 ], [ 21.099975587000131, -8.600638388999926 ], [ 21.154977799000164, -8.569267271999877 ], [ 21.22609901400017, -8.577878951999935 ], [ 21.24831771800018, -8.561503409999943 ], [ 21.276094437000097, -8.556234358999973 ], [ 21.373874664000141, -8.580965041999946 ], [ 21.565256119000026, -8.547454833999893 ], [ 21.610033035000129, -8.477810858999931 ], [ 21.63311767700003, -8.460615157999939 ], [ 21.729936599000041, -8.424821852999855 ], [ 21.782783508000023, -8.437817573999894 ], [ 21.804441452000049, -8.433059691999972 ], [ 21.84992027300018, -8.359077451999951 ], [ 21.930049261000022, -8.314517338999963 ], [ 21.934797286000048, -8.335473060999959 ], [ 21.920911790000105, -8.35320091199992 ], [ 21.923839570000041, -8.396991728999978 ], [ 21.95072174000012, -8.450712203999899 ], [ 21.948280335000163, -8.47580146699994 ], [ 21.957710267000039, -8.503007888999946 ], [ 21.942380906000096, -8.530559539999956 ], [ 21.945072175000121, -8.565263748999939 ], [ 21.92260169900004, -8.59997272499993 ], [ 21.935987472000079, -8.608873366999887 ], [ 21.913255691000131, -8.636689185999955 ], [ 21.917327880000187, -8.668164252999873 ], [ 21.898660660000019, -8.718971251999903 ], [ 21.902984620000041, -8.766888618999872 ], [ 21.858940124000185, -8.908261298999889 ], [ 21.865938673000016, -8.928035181999974 ], [ 21.849384307999969, -9.018045425999901 ], [ 21.862079621000134, -9.051538467999933 ], [ 21.843429565000122, -9.068137167999907 ], [ 21.842844009000032, -9.081231116999902 ], [ 21.843722184000114, -9.120530605999932 ], [ 21.860740980000116, -9.17076269699993 ], [ 21.858971596000117, -9.237196444999938 ], [ 21.82845306500019, -9.298072814999898 ], [ 21.794065476000185, -9.420907020999948 ], [ 21.834838867000087, -9.46495723799984 ], [ 21.835403443000075, -9.515355109999973 ], [ 21.868088723000142, -9.566115855999897 ], [ 21.86464500400001, -9.592579840999917 ], [ 21.880233764000025, -9.650776862999976 ], [ 21.917139053000142, -9.682024954999974 ], [ 21.934242248000089, -9.68677711499987 ], [ 21.941013337000186, -9.709785460999967 ], [ 21.968999863000136, -9.731006621999882 ], [ 21.981666565000126, -9.763909338999895 ], [ 21.995597840000073, -9.75360012099992 ], [ 22.006153107000046, -9.757304191999879 ], [ 22.002199172000189, -9.784626959999912 ], [ 22.024482726000087, -9.833795546999909 ], [ 22.04324831200006, -9.835335866999912 ], [ 22.075534821000076, -9.876537321999933 ], [ 22.091753006000033, -9.881859778999967 ], [ 22.111248017000037, -9.872934340999905 ], [ 22.129533768000158, -9.889292716999933 ], [ 22.151082993000102, -9.890379904999975 ], [ 22.191452980000179, -9.92852449399993 ], [ 22.206363679000106, -9.986447333999877 ], [ 22.198200226000154, -9.998943327999939 ], [ 22.217506410000055, -10.01707363099996 ], [ 22.212518692, -10.036512374999973 ], [ 22.224480629000084, -10.069569108999872 ], [ 22.222999573000095, -10.159000396999943 ], [ 22.261251451000135, -10.263864516999945 ], [ 22.240633012000103, -10.290001868999923 ], [ 22.255477905000077, -10.306337356999961 ], [ 22.284999848000155, -10.307000159999916 ], [ 22.297983170000066, -10.315367221999963 ], [ 22.312498092000055, -10.340161323999951 ], [ 22.311559678000037, -10.368402479999929 ], [ 22.328080177000118, -10.386781374999941 ], [ 22.322821617000045, -10.420215128999928 ], [ 22.295949937000159, -10.466979026999923 ], [ 22.292699814000059, -10.497540473999948 ], [ 22.27799987800006, -10.508452414999908 ], [ 22.27799987800006, -10.515999793999981 ], [ 22.315886021000154, -10.542122601999949 ], [ 22.316613515000142, -10.608319599999959 ], [ 22.275629044000027, -10.625563620999969 ], [ 22.229314804000126, -10.625056266999934 ], [ 22.194992066000111, -10.603634832999944 ], [ 22.142414092000081, -10.589170454999874 ], [ 22.105165482000075, -10.592503546999978 ], [ 22.084882736000168, -10.586119651999979 ], [ 22.040691376000041, -10.625311850999935 ], [ 21.895933152000111, -10.629003523999927 ], [ 21.866489410000042, -10.61651515899996 ], [ 21.806201935000104, -10.62126254899988 ], [ 21.779527665000046, -10.649336814999913 ], [ 21.752567292000151, -10.705748557999812 ], [ 21.741165160000151, -10.763265609999905 ], [ 21.743097305000049, -10.825224875999879 ], [ 21.708656311000027, -10.847187042999906 ], [ 21.67060470600012, -10.891099928999949 ], [ 21.663930893000099, -10.976404190999972 ], [ 21.649770736999983, -11.003912924999895 ], [ 21.677528381000059, -11.058364868999888 ], [ 21.699186325000028, -11.059748648999914 ], [ 21.692798614000083, -11.07975482899991 ], [ 21.701949692000142, -11.098347281999963 ], [ 21.697513580000077, -11.138105392999933 ], [ 21.651979446000041, -11.148400305999871 ], [ 21.637819290000152, -11.162016867999967 ], [ 21.596454621000191, -11.170921325999871 ], [ 21.582296371000041, -11.183151243999873 ], [ 21.538156510000192, -11.176769256999933 ], [ 21.526496888000054, -11.162324904999934 ], [ 21.522888184000067, -11.172608374999925 ], [ 21.494297027000073, -11.167613027999948 ], [ 21.475141524000094, -11.202625273999899 ], [ 21.416294097000105, -11.205696104999902 ], [ 21.396585465000101, -11.217922210999859 ], [ 21.396585465000101, -11.225703239999973 ], [ 21.351615906000177, -11.232101439999951 ], [ 21.287494659000117, -11.265729902999965 ], [ 21.228649139000026, -11.274353026999961 ], [ 21.220321656000124, -11.279079435999961 ], [ 21.216714859000035, -11.30575084599991 ], [ 21.196725845000117, -11.325759885999901 ], [ 21.176464081000177, -11.331595419999928 ], [ 21.150371551000092, -11.37494277899998 ], [ 21.111511230000076, -11.38911533299995 ], [ 21.092081069000074, -11.382172584999978 ], [ 21.049890517000108, -11.409958838999955 ], [ 21.027963638000188, -11.412738799999943 ], [ 21.041841507000129, -11.454137801999877 ], [ 21.034624099000155, -11.471918104999929 ], [ 21.014917374000049, -11.479976652999937 ], [ 20.909166336000112, -11.462208747999853 ], [ 20.890014648000033, -11.469709395999871 ], [ 20.873359680000078, -11.459154128999955 ], [ 20.836168290000046, -11.462216377999937 ], [ 20.797031403000062, -11.453050612999959 ], [ 20.770387650000089, -11.437773704999927 ], [ 20.740133285000127, -11.445833204999929 ], [ 20.719593047000103, -11.411383628999886 ], [ 20.695722579000176, -11.40832805499997 ], [ 20.677959442000088, -11.415834426999936 ], [ 20.628555299000027, -11.382496832999891 ], [ 20.604686738, -11.385004042999924 ], [ 20.57609748800013, -11.371668814999964 ], [ 20.559440613000106, -11.346668242999897 ], [ 20.527248382000039, -11.350006102999942 ], [ 20.496995926000011, -11.338616370999887 ], [ 20.461744309000153, -11.304725645999838 ], [ 20.408729553000057, -11.275283812999817 ], [ 20.386249541999973, -11.277229308999949 ], [ 20.360162735000074, -11.292794226999945 ], [ 20.317422867000175, -11.280853271999945 ], [ 20.298822403000031, -11.257796286999906 ], [ 20.270233153000106, -11.245298385999945 ], [ 20.239429475000122, -11.246413230999963 ], [ 20.227493286000083, -11.230575560999966 ], [ 20.196962357000189, -11.218358038999952 ], [ 20.183635712000182, -11.203910826999959 ], [ 20.161991119000163, -11.209192275999897 ], [ 20.098167420000038, -11.283659935999879 ], [ 20.065141678000032, -11.283941268999911 ], [ 20.025451659999987, -11.256722450999973 ], [ 19.984102249999978, -11.266728399999977 ] ] ] } },
{ "type": "Feature", "properties": { "province": "Malanje" }, "geometry": { "type": "Polygon", "coordinates": [ [ [ 17.561277389000054, -11.708879470999932 ], [ 17.504129410000019, -11.696387290999894 ], [ 17.499605942000017, -11.689593695999918 ], [ 17.499416351999969, -11.676384925999912 ], [ 17.514396667000028, -11.662771225999904 ], [ 17.521331787000065, -11.641659736999941 ], [ 17.481384277000075, -11.557493209999961 ], [ 17.496919633000061, -11.518044471999929 ], [ 17.531040192000148, -11.495817184999908 ], [ 17.522993087000032, -11.47720527599995 ], [ 17.49663925200008, -11.491932867999935 ], [ 17.489704131999986, -11.484711646999926 ], [ 17.497472763000189, -11.445818899999892 ], [ 17.513839721000124, -11.4344263079999 ], [ 17.52132415900013, -11.378029822999963 ], [ 17.499130249000189, -11.359145162999823 ], [ 17.472497941000029, -11.315813064999816 ], [ 17.460010528000055, -11.273864746999891 ], [ 17.459449767000081, -11.239972113999954 ], [ 17.451679230000082, -11.233586311999943 ], [ 17.418113708000021, -11.235259055999904 ], [ 17.389543534000097, -11.221651077999923 ], [ 17.385658264000142, -11.211927413999888 ], [ 17.406185151000102, -11.204702375999943 ], [ 17.414779664000037, -11.185532569999907 ], [ 17.448621750000086, -11.178024290999872 ], [ 17.458044051000115, -11.119683264999935 ], [ 17.44804954500006, -11.087737082999922 ], [ 17.427520751000088, -11.066625595999938 ], [ 17.416973113999973, -11.036348341999883 ], [ 17.385884094000176, -11.010871314999918 ], [ 17.379505158000143, -10.940505980999887 ], [ 17.290721893000068, -10.862733840999908 ], [ 17.228313446000129, -10.866360663999899 ], [ 17.169227600000056, -10.846647262999966 ], [ 17.162282944000083, -10.813588140999855 ], [ 17.11679458600014, -10.813876151999978 ], [ 17.102935791000164, -10.84110546099987 ], [ 17.036075593000078, -10.798054695999895 ], [ 16.97504806600017, -10.774731635999956 ], [ 16.877414703000056, -10.759748457999876 ], [ 16.824718476000101, -10.773653029999878 ], [ 16.788940430000082, -10.771713256999874 ], [ 16.71985817000018, -10.702269554999816 ], [ 16.666322709000042, -10.684502601999952 ], [ 16.657991409000147, -10.65477466699997 ], [ 16.62803459200012, -10.649499891999938 ], [ 16.618871688000127, -10.617553709999981 ], [ 16.640220641000042, -10.597267149999936 ], [ 16.636333466000053, -10.586985587999948 ], [ 16.603319169000031, -10.564768791999882 ], [ 16.582227706000083, -10.530040741999926 ], [ 16.558973313000081, -10.513654230999975 ], [ 16.49232101500013, -10.425042151999833 ], [ 16.45126533399997, -10.413102149999929 ], [ 16.445434571000078, -10.393097876999946 ], [ 16.45007705800009, -10.345606802999953 ], [ 16.43292045700008, -10.332813262999935 ], [ 16.419593810000151, -10.30503368299992 ], [ 16.399610519000021, -10.283365249999974 ], [ 16.362726212000098, -10.27920722999994 ], [ 16.34691238400012, -10.267820356999948 ], [ 16.334108352000101, -10.19169902799996 ], [ 16.341304779000041, -10.171973227999956 ], [ 16.381774903000121, -10.141961096999921 ], [ 16.387863158000187, -10.126684187999956 ], [ 16.361757278000027, -10.073348043999943 ], [ 16.355619812999976, -10.012892722999936 ], [ 16.312578201000122, -9.956686972999876 ], [ 16.320846558000085, -9.895573615999922 ], [ 16.303352356000175, -9.871967314999893 ], [ 16.238704681000058, -9.83670425299988 ], [ 16.212366675000112, -9.769112204999885 ], [ 16.187036514999988, -9.745329855999898 ], [ 16.013058471000079, -9.71906909899991 ], [ 15.911909103000085, -9.732348441999875 ], [ 15.842007637000052, -9.712096213999928 ], [ 15.817047120000041, -9.714880943999958 ], [ 15.770800591000125, -9.778496741999959 ], [ 15.69759845800013, -9.782963751999887 ], [ 15.629644394000138, -9.770495414999971 ], [ 15.513463020000131, -9.784701347999942 ], [ 15.469642639000085, -9.779719351999915 ], [ 15.37428379, -9.808089256999892 ], [ 15.339341163000142, -9.810046195999973 ], [ 15.214254379000181, -9.798719404999929 ], [ 15.184266091000154, -9.774016379999978 ], [ 15.164572716000066, -9.773469924999972 ], [ 15.109125137000035, -9.724944114999914 ], [ 15.162223816000051, -9.67904090899998 ], [ 15.168296815000076, -9.657935142999918 ], [ 15.155998228999977, -9.586833953999928 ], [ 15.142094612000051, -9.564349174999904 ], [ 15.118779182000083, -9.547411918999956 ], [ 15.116531372000054, -9.526024816999836 ], [ 15.186343193000027, -9.46516609199989 ], [ 15.174912453000161, -9.416844367999943 ], [ 15.116886330000114, -9.374088668999946 ], [ 15.147934914000132, -9.362410544999932 ], [ 15.183170319000055, -9.368782043999886 ], [ 15.239732743000047, -9.358487128999968 ], [ 15.254589081000063, -9.264033317999974 ], [ 15.282567025, -9.237078666999935 ], [ 15.313339234000125, -9.226237296999898 ], [ 15.362153054000146, -9.226778029999878 ], [ 15.409528732000126, -9.190928458999906 ], [ 15.444473267000149, -9.188977240999975 ], [ 15.483706951000045, -9.161089419999882 ], [ 15.497129441000084, -9.160628319999944 ], [ 15.521836281999981, -9.17839431699997 ], [ 15.540693283000167, -9.178942679999977 ], [ 15.55954647100009, -9.171715736999943 ], [ 15.609471321000115, -9.173648834999881 ], [ 15.643383027000084, -9.151198387999955 ], [ 15.65179061900011, -9.091420173999893 ], [ 15.640322686000104, -9.021148680999886 ], [ 15.656624793000049, -8.976699828999926 ], [ 15.668418885000165, -8.88225078499994 ], [ 15.705147744000044, -8.76752090399998 ], [ 15.734754562000091, -8.722230911999873 ], [ 15.71306800800005, -8.672775268999942 ], [ 15.663150786000074, -8.669436454999925 ], [ 15.641227722000167, -8.654704092999964 ], [ 15.613442422000162, -8.596898078999914 ], [ 15.679604530000063, -8.503522872999838 ], [ 15.674284935, -8.458768843999962 ], [ 15.804001809000113, -8.426831244999846 ], [ 15.828783035000072, -8.394593714999871 ], [ 15.816984177000109, -8.37624740699988 ], [ 15.823329925000053, -8.348171233999949 ], [ 15.811112404000028, -8.332608221999976 ], [ 15.816341400000113, -8.291465758999948 ], [ 15.803008080000041, -8.264509200999953 ], [ 15.805282594000118, -8.210481643999969 ], [ 15.915520667000123, -8.226443289999906 ], [ 15.94073295600009, -8.209210394999957 ], [ 15.95928096800003, -8.184200286999953 ], [ 15.984495164000066, -8.172526359999949 ], [ 16.031625748000067, -8.175041197999917 ], [ 16.053512573000091, -8.163089750999973 ], [ 16.093111039000121, -8.120008468999913 ], [ 16.106645582999988, -8.074147222999898 ], [ 16.10992050100009, -8.01716136999994 ], [ 16.138704300000029, -7.974631786999907 ], [ 16.140626908000115, -7.95128011599985 ], [ 16.123916625000106, -7.852597235999895 ], [ 16.058382033999976, -7.661340236999877 ], [ 16.058914184000173, -7.610473155999955 ], [ 16.116821290000019, -7.582118033999961 ], [ 16.191642761000082, -7.584620951999909 ], [ 16.216024398000116, -7.575442790999944 ], [ 16.237071992000097, -7.551817893999953 ], [ 16.283251052000026, -7.535282611999889 ], [ 16.333177566000018, -7.466188906999889 ], [ 16.355600356000082, -7.419760226999927 ], [ 16.39825248700015, -7.388611793999928 ], [ 16.584884643000066, -7.319605827999908 ], [ 16.62862777800018, -7.328200815999821 ], [ 16.651060104000123, -7.345150947999912 ], [ 16.679344177000075, -7.419105052999896 ], [ 16.700401306, -7.438282011999888 ], [ 16.761413575000063, -7.530865192999954 ], [ 16.801898957000162, -7.575075148999872 ], [ 16.845693589000177, -7.59926080799994 ], [ 16.891120910000154, -7.603696822999893 ], [ 16.914100647000168, -7.598400114999947 ], [ 16.935693741000136, -7.591436862999956 ], [ 16.960868836000088, -7.57000017199988 ], [ 16.974918365, -7.526027202999899 ], [ 16.976175308, -7.453123091999942 ], [ 17.039659501000131, -7.39322376299998 ], [ 17.095195771000135, -7.379370211999912 ], [ 17.112797737999983, -7.390430369999933 ], [ 17.108394622, -7.417575835999969 ], [ 17.113634110000078, -7.425418853999872 ], [ 17.132968903000176, -7.424868105999963 ], [ 17.143237249000151, -7.405828995999855 ], [ 17.160823821000065, -7.425195215999963 ], [ 17.177488327000106, -7.426585911999894 ], [ 17.187754313000028, -7.444944698999961 ], [ 17.159820557000046, -7.454137801999934 ], [ 17.156246186000146, -7.475054739999905 ], [ 17.199882506000165, -7.499419211999964 ], [ 17.205244065000159, -7.51225471499987 ], [ 17.197984695000059, -7.532958983999947 ], [ 17.220554352000136, -7.578091142999938 ], [ 17.249927521000131, -7.603436945999874 ], [ 17.29608154400006, -7.62318801899994 ], [ 17.306287765000093, -7.636915206999902 ], [ 17.299839020000093, -7.679885862999981 ], [ 17.290910722000149, -7.689573764999977 ], [ 17.306411743000069, -7.703272818999949 ], [ 17.316063881000048, -7.700573205999945 ], [ 17.319841385000132, -7.71629476499993 ], [ 17.330311775000098, -7.716751335999959 ], [ 17.321443558000112, -7.758532045999914 ], [ 17.344118117999983, -7.778164863999962 ], [ 17.385287285000118, -7.789322375999973 ], [ 17.390987396000185, -7.799969194999903 ], [ 17.386724472000083, -7.820881842999881 ], [ 17.411273957000162, -7.824660538999979 ], [ 17.405271530999983, -7.843056201999957 ], [ 17.426074028000187, -7.837577341999975 ], [ 17.431417465000095, -7.843956469999966 ], [ 17.424760819000142, -7.86958694499998 ], [ 17.452578545000165, -7.878697155999816 ], [ 17.442356109000059, -7.927345751999951 ], [ 17.470811293000111, -7.946859997999979 ], [ 17.468330382999966, -7.959577083999932 ], [ 17.488780498000153, -7.952291249999917 ], [ 17.492042542000036, -7.998475074999874 ], [ 17.483764649000022, -7.999999998999954 ], [ 17.507539750000092, -8.013199806999978 ], [ 17.532590867000124, -8.04393863699994 ], [ 17.517198563000022, -8.046541213999888 ], [ 17.50348281800018, -8.075523374999932 ], [ 17.528309823000086, -8.092931270999884 ], [ 17.535380554000085, -8.108044052999958 ], [ 17.526912688000039, -8.124786375999918 ], [ 17.527286530000083, -8.148288726999965 ], [ 17.538408279000066, -8.150499342999979 ], [ 17.55599784900005, -8.174009322999893 ], [ 17.557146072000137, -8.185637474999965 ], [ 17.54162788300016, -8.198384284999918 ], [ 17.544525146000183, -8.24160766499989 ], [ 17.558889389, -8.335912703999895 ], [ 17.574241257000153, -8.352895545999957 ], [ 17.539272308000022, -8.396734236999976 ], [ 17.524940491000052, -8.46589374499996 ], [ 17.549749373000168, -8.544774055999881 ], [ 17.595857621000107, -8.574199674999875 ], [ 17.589538575, -8.619483946999935 ], [ 17.602090836000059, -8.665868757999931 ], [ 17.590221405000023, -8.70892620099994 ], [ 17.599470138000129, -8.774482727999953 ], [ 17.596757889000116, -8.816981313999975 ], [ 17.56700515700004, -8.97448921199998 ], [ 17.581806183000083, -9.045595168999967 ], [ 17.601011276000065, -9.094201086999931 ], [ 17.595209121000096, -9.116147040999977 ], [ 17.560863494000046, -9.163652418999959 ], [ 17.562305451000043, -9.210317610999937 ], [ 17.541526795000152, -9.237541198999963 ], [ 17.496313094000072, -9.244218826999941 ], [ 17.377069474000052, -9.288967130999936 ], [ 17.330505372000061, -9.327864645999853 ], [ 17.335273743000187, -9.37536239699989 ], [ 17.356378555000049, -9.397021293999899 ], [ 17.363918305000027, -9.443965911999953 ], [ 17.385854721000157, -9.465067862999945 ], [ 17.409204483000167, -9.510898590999886 ], [ 17.416933060000019, -9.554789733999883 ], [ 17.40815925600009, -9.580343246999973 ], [ 17.42232704200012, -9.602563857999883 ], [ 17.470329284000115, -9.612276075999944 ], [ 17.484794617000148, -9.656717300999958 ], [ 17.50672340400007, -9.672821997999961 ], [ 17.596900940000182, -9.695856094999954 ], [ 17.604963303000147, -9.719190595999919 ], [ 17.62550926300014, -9.741687774999832 ], [ 17.621938706000037, -9.786966323999934 ], [ 17.638322831000039, -9.808632849999924 ], [ 17.712938308000105, -9.797506332999944 ], [ 17.809160232000067, -9.842237471999965 ], [ 17.842359542000054, -9.948204039999951 ], [ 17.861381531000177, -9.970303534999971 ], [ 17.890756607000071, -9.977609634999965 ], [ 17.896709442000144, -10.011781691999943 ], [ 17.938520431000029, -10.073267935999866 ], [ 17.939117431000057, -10.09281158399989 ], [ 17.925638199000161, -10.106411933999937 ], [ 17.920145035000075, -10.146937369999932 ], [ 17.926652907000118, -10.164264678999871 ], [ 17.95126152000006, -10.176866529999927 ], [ 17.973854064000136, -10.235788345999936 ], [ 17.99494743300005, -10.24680995999995 ], [ 18.013103486000091, -10.277322769999955 ], [ 18.028289795000148, -10.290177344999961 ], [ 18.073673249000137, -10.306135176999931 ], [ 18.074176788000159, -10.335252761999982 ], [ 17.971725464000031, -10.428858755999954 ], [ 17.974922179000146, -10.445023535999951 ], [ 18.015443803000039, -10.487245558999916 ], [ 18.015174865000176, -10.508356092999918 ], [ 18.104793549000192, -10.529729841999938 ], [ 18.172506333000172, -10.577783583999917 ], [ 18.195819855000025, -10.605562210999892 ], [ 18.219682692999982, -10.610001563999958 ], [ 18.310981751000156, -10.667766570999959 ], [ 18.33262443600006, -10.670823096999925 ], [ 18.454420090000042, -10.661073684999906 ], [ 18.478265763000081, -10.613285064999957 ], [ 18.4652156840001, -10.588280677999876 ], [ 18.443290711000145, -10.575508116999913 ], [ 18.435789108, -10.551339149999933 ], [ 18.462963103000163, -10.506327627999951 ], [ 18.535089112000094, -10.472694967999928 ], [ 18.551460265000117, -10.478251456999942 ], [ 18.557859420000113, -10.522975920999954 ], [ 18.575340272, -10.522416114999942 ], [ 18.579788207999968, -10.545200346999934 ], [ 18.586168289000057, -10.537696837999931 ], [ 18.597827911000024, -10.553807257999949 ], [ 18.626409530000103, -10.566582678999964 ], [ 18.638614654000094, -10.551019667999867 ], [ 18.643894196000133, -10.57296562099998 ], [ 18.667207719000032, -10.591300964999959 ], [ 18.654449464000038, -10.604083060999926 ], [ 18.673320770000032, -10.613246917999959 ], [ 18.658615112000064, -10.619360922999931 ], [ 18.658901215000014, -10.63936233499993 ], [ 18.641424178000022, -10.64797782799991 ], [ 18.65419578500007, -10.673538207999968 ], [ 18.62367057900002, -10.667705534999982 ], [ 18.609251023000127, -10.681324958999937 ], [ 18.617580414000031, -10.698546409999949 ], [ 18.620929718000184, -10.759113310999908 ], [ 18.659521104000078, -10.844947815999944 ], [ 18.75221824700003, -10.919386863999875 ], [ 18.773042678000081, -10.980780600999935 ], [ 18.774988174999976, -10.992449759999943 ], [ 18.752250672000116, -11.053297043999976 ], [ 18.761419296000042, -11.113307952999946 ], [ 18.79028129600016, -11.153581617999919 ], [ 18.770042420000152, -11.230545996999922 ], [ 18.78059005700004, -11.247770308999918 ], [ 18.808340072000078, -11.261932372999922 ], [ 18.834428787000093, -11.291098594999937 ], [ 18.834154129000126, -11.316102980999915 ], [ 18.847755432000099, -11.350547789999894 ], [ 18.836936950000052, -11.371667861999981 ], [ 18.813629150000168, -11.376117705999945 ], [ 18.79142761200012, -11.365565298999968 ], [ 18.746480941000129, -11.36223983799988 ], [ 18.61913108900012, -11.40032481999998 ], [ 18.535066605000111, -11.438961982999842 ], [ 18.453227997000056, -11.522597311999959 ], [ 18.409391403000143, -11.545389174999912 ], [ 18.358894348999968, -11.539009093999937 ], [ 18.334480285000041, -11.544012068999905 ], [ 18.283704758, -11.522072792999893 ], [ 18.155527115000041, -11.553769110999951 ], [ 18.084783554000069, -11.540168760999961 ], [ 18.048160553000059, -11.559063910999896 ], [ 18.004602432000183, -11.519068716999982 ], [ 17.960769653000114, -11.529353140999945 ], [ 17.91471481300016, -11.521026610999968 ], [ 17.904447556000036, -11.503527640999891 ], [ 17.906663895000179, -11.454912185999888 ], [ 17.885019301000057, -11.40768909499991 ], [ 17.829807282000104, -11.360753058999876 ], [ 17.84618186900002, -11.428531646999943 ], [ 17.851737977000028, -11.507706641999903 ], [ 17.845081330000028, -11.537152289999881 ], [ 17.749649047999981, -11.617453574999956 ], [ 17.747152328000027, -11.63856506399992 ], [ 17.724958421000167, -11.661624906999918 ], [ 17.702486038000188, -11.661909102999971 ], [ 17.679182053000147, -11.67385864299996 ], [ 17.672523499000079, -11.697192190999885 ], [ 17.652271270000142, -11.718029022999872 ], [ 17.608160018000035, -11.723035811999978 ], [ 17.593734742000038, -11.735819815999946 ], [ 17.574317931999985, -11.727763175999883 ], [ 17.561277389000054, -11.708879470999932 ] ] ] } },
{ "type": "Feature", "properties": { "province": "Moxico" }, "geometry": { "type": "Polygon", "coordinates": [ [ [ 21.503158570000096, -15.573866843999895 ], [ 21.471204757000066, -15.56748771599996 ], [ 21.457035066000117, -15.553050040999949 ], [ 21.452308654000035, -15.531106947999831 ], [ 21.45814323500008, -15.46887779199983 ], [ 21.441469192000056, -15.430275915999971 ], [ 21.422294618000024, -15.42195129299995 ], [ 21.410900116000107, -15.40612125399997 ], [ 21.362558364000165, -15.399745939999946 ], [ 21.331998824000095, -15.373644828999943 ], [ 21.309499740000149, -15.367816923999953 ], [ 21.275333404000094, -15.331435203999945 ], [ 21.245334626000101, -15.237834930999952 ], [ 21.210624693999989, -15.217281341999922 ], [ 21.162311553000166, -15.22034072799994 ], [ 21.148986816000161, -15.203119278999964 ], [ 21.157035828000176, -15.171458244999883 ], [ 21.13010787900015, -15.18034744199997 ], [ 21.109563828000034, -15.172571181999956 ], [ 21.084024429000124, -15.128686903999835 ], [ 21.024896621000153, -15.075359344999981 ], [ 21.022678375000112, -15.063696860999926 ], [ 20.996583939000061, -15.048418997999875 ], [ 20.963275909000117, -15.044257164999976 ], [ 20.938571931000183, -15.027588843999979 ], [ 20.928026199000158, -15.009535789999916 ], [ 20.884723663000045, -15.018150328999923 ], [ 20.856414796000138, -14.990654944999903 ], [ 20.835874558000057, -14.982321739999918 ], [ 20.824493408000023, -14.984820364999962 ], [ 20.815330506000066, -15.003430366999964 ], [ 20.804504394000105, -15.006763457999966 ], [ 20.754821778000178, -14.998711585999956 ], [ 20.708747864000088, -14.987603186999934 ], [ 20.689872742000091, -14.964829444999964 ], [ 20.670167924000054, -14.957608221999976 ], [ 20.631584168000131, -14.975386619999881 ], [ 20.598276138000188, -14.968167303999849 ], [ 20.550531388000024, -14.990388869999947 ], [ 20.494466781000085, -14.977613448999932 ], [ 20.435340882, -15.00123214599995 ], [ 20.344030381000039, -14.98040294499998 ], [ 20.267421722000108, -14.987357138999982 ], [ 20.210807801000158, -14.958194731999924 ], [ 20.165567398000178, -14.948198317999982 ], [ 20.08286857600018, -14.904044151999813 ], [ 20.052900314000055, -14.864603995999971 ], [ 20.008928300000093, -14.832216262999964 ], [ 19.984088897000049, -14.788499832999889 ], [ 19.960775375000026, -14.782665251999958 ], [ 19.951063157000078, -14.766277313999979 ], [ 19.919700622000107, -14.769336699999883 ], [ 19.919149399000048, -14.744615553999949 ], [ 19.896669388000191, -14.745729445999928 ], [ 19.883356094000135, -14.716281890999937 ], [ 19.81647872800005, -14.671566962999918 ], [ 19.776803971000106, -14.616847038999936 ], [ 19.747110367000118, -14.603513716999942 ], [ 19.738237382000079, -14.57267761199995 ], [ 19.69327926699998, -14.547959327999877 ], [ 19.661380768000129, -14.469348906999926 ], [ 19.630582810000078, -14.444348335999848 ], [ 19.616574860000128, -14.379873656999962 ], [ 19.565383912000073, -14.343514440999911 ], [ 19.545967102000077, -14.293794630999969 ], [ 19.531954765000023, -14.278377055999897 ], [ 19.415519714000141, -14.301026344999912 ], [ 19.371120454000049, -14.286862373999952 ], [ 19.338647842000171, -14.292140960999973 ], [ 19.314500808000105, -14.286866188999909 ], [ 19.270380021, -14.250756263999904 ], [ 19.247070313000108, -14.24214267799988 ], [ 19.225141526000186, -14.249368666999942 ], [ 19.171566010000049, -14.277705191999814 ], [ 19.173219680000102, -14.320208548999972 ], [ 19.207048416000077, -14.43743324199994 ], [ 19.065797806000148, -14.362996100999965 ], [ 19.042203903000086, -14.364665031999948 ], [ 18.942550659000062, -14.401893615999938 ], [ 18.892599106000034, -14.383842467999955 ], [ 18.894269944000087, -14.371617317999892 ], [ 18.872348785000042, -14.349952697999981 ], [ 18.872076034000145, -14.333008765999921 ], [ 18.84904670700007, -14.311897276999957 ], [ 18.847391130000176, -14.280505180999853 ], [ 18.828245163000076, -14.269674300999952 ], [ 18.804944993000106, -14.222729682999841 ], [ 18.800514221000128, -14.189675329999943 ], [ 18.809955598000158, -14.169952392999846 ], [ 18.780561448000071, -14.093282699999975 ], [ 18.791114808000032, -14.062447547999966 ], [ 18.786956788000055, -14.052725791999933 ], [ 18.737020493000045, -13.982724189999942 ], [ 18.729814530000056, -13.949114799999961 ], [ 18.712339401000179, -13.924668311999824 ], [ 18.66766357500012, -13.898006439999961 ], [ 18.660177232000024, -13.871059416999856 ], [ 18.643529892000174, -13.858563423999954 ], [ 18.627708434999988, -13.863839148999944 ], [ 18.572494506000112, -13.821063994999975 ], [ 18.555847168000071, -13.79940032899998 ], [ 18.533372880000059, -13.791068075999874 ], [ 18.486463547000028, -13.808295248999968 ], [ 18.463432313000055, -13.800237655999979 ], [ 18.367708207000078, -13.731632232999971 ], [ 18.321922302000075, -13.70886039699991 ], [ 18.231447220000064, -13.722475051999936 ], [ 17.955053330000112, -13.566351890999897 ], [ 17.94095611500012, -13.522770881999975 ], [ 17.975669861000029, -13.467769621999935 ], [ 17.96790886000008, -13.439990042999966 ], [ 17.936840057000097, -13.394714355999895 ], [ 18.003463744000101, -13.337484358999973 ], [ 18.082286835000161, -13.309979437999914 ], [ 18.088951110000096, -13.288590430999875 ], [ 18.083415985000158, -13.241922378999959 ], [ 18.031274795, -13.151087759999882 ], [ 18.068195342000138, -13.105526924999936 ], [ 18.055160522000051, -13.07858562499996 ], [ 18.126209258000131, -13.04718971099993 ], [ 18.135379791000162, -13.003298758999961 ], [ 18.157581328999981, -12.981905936999851 ], [ 18.182558059000144, -12.974678992999884 ], [ 18.191444397000168, -12.952177046999964 ], [ 18.188119889000063, -12.930788038999935 ], [ 18.149843216000022, -12.861348152999881 ], [ 18.149572373000069, -12.835231780999948 ], [ 18.173995972000057, -12.814121246999946 ], [ 18.187587737000115, -12.836338995999824 ], [ 18.264190674000133, -12.764105795999967 ], [ 18.310256958000139, -12.739933967999946 ], [ 18.318307877000052, -12.718823431999965 ], [ 18.308050156000149, -12.671875953999972 ], [ 18.420450211000173, -12.542135236999968 ], [ 18.427112579000038, -12.518799780999871 ], [ 18.418796539000084, -12.471295356999974 ], [ 18.438777923000146, -12.450457573999927 ], [ 18.541730882000081, -12.356275557999936 ], [ 18.596673966000026, -12.348211287999902 ], [ 18.621372224000027, -12.328483580999944 ], [ 18.638853073000178, -12.297647475999895 ], [ 18.6638278960001, -12.279584883999973 ], [ 18.7173824300001, -12.269298551999896 ], [ 18.735141755000029, -12.248183249999954 ], [ 18.741804122000133, -12.222068786999898 ], [ 18.720439911000028, -12.203180313999894 ], [ 18.721271515000069, -12.17984676299983 ], [ 18.85168647800009, -12.064813612999842 ], [ 18.871110916000021, -12.039532660999896 ], [ 18.87360572800003, -12.002584456999898 ], [ 18.844194412000149, -11.953971863999982 ], [ 18.840309143000127, -11.927579879999882 ], [ 18.849744797000142, -11.903683661999878 ], [ 18.869165420000172, -11.877845763999971 ], [ 18.891084672000147, -11.866451262999931 ], [ 18.906621933000054, -11.800605773999905 ], [ 18.922990800000036, -11.777544020999926 ], [ 18.948242188000165, -11.788653373999978 ], [ 18.972105026000179, -11.786980628999913 ], [ 18.986532212000157, -11.764474868999969 ], [ 18.982646943000134, -11.743083953999928 ], [ 18.961004256000081, -11.724198341999909 ], [ 18.957117081000035, -11.702807426999982 ], [ 18.979036330999975, -11.69141101799994 ], [ 19.048406602000057, -11.688343048999911 ], [ 19.070602417000032, -11.666668890999915 ], [ 19.079204560000107, -11.644719122999902 ], [ 19.08613205000006, -11.557201385999974 ], [ 19.096120835000079, -11.536087036999959 ], [ 19.141622542000164, -11.492737770999952 ], [ 19.16159629800012, -11.462726591999967 ], [ 19.246784210000158, -11.438264845999981 ], [ 19.263984681000011, -11.413534163999941 ], [ 19.28146553, -11.403528212999902 ], [ 19.308103561000053, -11.402412412999979 ], [ 19.374704362000102, -11.418518064999944 ], [ 19.397180557000183, -11.413233756999944 ], [ 19.428258896000102, -11.389333724999972 ], [ 19.461280824000141, -11.380993841999953 ], [ 19.500127792000171, -11.349596022999947 ], [ 19.54341125500008, -11.309581755999886 ], [ 19.560056687000099, -11.270405769999968 ], [ 19.591136931000051, -11.253729820999979 ], [ 19.626102447000164, -11.255391120999946 ], [ 19.66634368800004, -11.284835815999941 ], [ 19.724905014000058, -11.309552191999956 ], [ 19.792335509, -11.29370403199988 ], [ 19.808708191000051, -11.268422126999894 ], [ 19.84339523400007, -11.251466749999963 ], [ 19.857273102000136, -11.265356062999956 ], [ 19.878366470000117, -11.265632628999924 ], [ 19.898073196000155, -11.300910948999956 ], [ 19.921939850000115, -11.303130150999891 ], [ 19.941642761000082, -11.29507255599998 ], [ 19.963008882000167, -11.260895728999856 ], [ 19.996034621999968, -11.267559050999978 ], [ 20.025451659999987, -11.256722450999973 ], [ 20.065141678000032, -11.283941268999911 ], [ 20.098167420000038, -11.283659935999879 ], [ 20.161991119000163, -11.209192275999897 ], [ 20.183635712000182, -11.203910826999959 ], [ 20.196962357000189, -11.218358038999952 ], [ 20.227493286000083, -11.230575560999966 ], [ 20.239429475000122, -11.246413230999963 ], [ 20.270233153000106, -11.245298385999945 ], [ 20.298822403000031, -11.257796286999906 ], [ 20.317422867000175, -11.280853271999945 ], [ 20.360162735000074, -11.292794226999945 ], [ 20.386249541999973, -11.277229308999949 ], [ 20.408729553000057, -11.275283812999817 ], [ 20.461744309000153, -11.304725645999838 ], [ 20.496995926000011, -11.338616370999887 ], [ 20.527248382000039, -11.350006102999942 ], [ 20.559440613000106, -11.346668242999897 ], [ 20.57609748800013, -11.371668814999964 ], [ 20.604686738, -11.385004042999924 ], [ 20.628555299000027, -11.382496832999891 ], [ 20.677959442000088, -11.415834426999936 ], [ 20.695722579000176, -11.40832805499997 ], [ 20.719593047000103, -11.411383628999886 ], [ 20.740133285000127, -11.445833204999929 ], [ 20.770387650000089, -11.437773704999927 ], [ 20.797031403000062, -11.453050612999959 ], [ 20.836168290000046, -11.462216377999937 ], [ 20.873359680000078, -11.459154128999955 ], [ 20.890014648000033, -11.469709395999871 ], [ 20.909166336000112, -11.462208747999853 ], [ 21.014917374000049, -11.479976652999937 ], [ 21.034624099000155, -11.471918104999929 ], [ 21.041841507000129, -11.454137801999877 ], [ 21.027963638000188, -11.412738799999943 ], [ 21.049890517000108, -11.409958838999955 ], [ 21.092081069000074, -11.382172584999978 ], [ 21.111511230000076, -11.38911533299995 ], [ 21.150371551000092, -11.37494277899998 ], [ 21.176464081000177, -11.331595419999928 ], [ 21.196725845000117, -11.325759885999901 ], [ 21.216714859000035, -11.30575084599991 ], [ 21.220321656000124, -11.279079435999961 ], [ 21.228649139000026, -11.274353026999961 ], [ 21.287494659000117, -11.265729902999965 ], [ 21.351615906000177, -11.232101439999951 ], [ 21.396585465000101, -11.225703239999973 ], [ 21.396585465000101, -11.217922210999859 ], [ 21.416294097000105, -11.205696104999902 ], [ 21.475141524000094, -11.202625273999899 ], [ 21.494297027000073, -11.167613027999948 ], [ 21.522888184000067, -11.172608374999925 ], [ 21.526496888000054, -11.162324904999934 ], [ 21.538156510000192, -11.176769256999933 ], [ 21.582296371000041, -11.183151243999873 ], [ 21.596454621000191, -11.170921325999871 ], [ 21.637819290000152, -11.162016867999967 ], [ 21.651979446000041, -11.148400305999871 ], [ 21.697513580000077, -11.138105392999933 ], [ 21.701949692000142, -11.098347281999963 ], [ 21.692798614000083, -11.07975482899991 ], [ 21.699186325000028, -11.059748648999914 ], [ 21.677528381000059, -11.058364868999888 ], [ 21.671421051999971, -11.050029752999933 ], [ 21.652544022000029, -11.014752387999977 ], [ 21.651157380000086, -10.991410255999881 ], [ 21.663930893000099, -10.976404190999972 ], [ 21.67060470600012, -10.891099928999949 ], [ 21.708656311000027, -10.847187042999906 ], [ 21.743097305000049, -10.825224875999879 ], [ 21.741165160000151, -10.763265609999905 ], [ 21.752567292000151, -10.705748557999812 ], [ 21.785083770000085, -10.640996933999816 ], [ 21.816759110000078, -10.61764812499996 ], [ 21.866489410000042, -10.61651515899996 ], [ 21.895933152000111, -10.629003523999927 ], [ 22.040691376000041, -10.625311850999935 ], [ 22.084882736000168, -10.586119651999979 ], [ 22.105165482000075, -10.592503546999978 ], [ 22.142414092000081, -10.589170454999874 ], [ 22.194992066000111, -10.603634832999944 ], [ 22.229314804000126, -10.625056266999934 ], [ 22.275629044000027, -10.625563620999969 ], [ 22.316613515000142, -10.608319599999959 ], [ 22.31411743100017, -10.67616653399989 ], [ 22.324222564000081, -10.690052031999926 ], [ 22.334619521000093, -10.747871398999962 ], [ 22.327861786000085, -10.772228240999937 ], [ 22.310878754000157, -10.782940386999883 ], [ 22.282693863000077, -10.775596617999952 ], [ 22.267000198000176, -10.795587061999981 ], [ 22.242000579000148, -10.805999755999949 ], [ 22.180999755000073, -10.852000235999981 ], [ 22.174316407000106, -10.874724387999947 ], [ 22.181964875000176, -10.907446861999972 ], [ 22.208000183000024, -10.953999517999819 ], [ 22.221000672000173, -11.104000091999978 ], [ 22.263719559000037, -11.16594886799993 ], [ 22.269999503000065, -11.195106029999863 ], [ 22.258871079000187, -11.22657489799991 ], [ 22.27799987800006, -11.24999999899984 ], [ 22.299690247000171, -11.243968963999976 ], [ 22.350999831000081, -11.177000044999943 ], [ 22.437000274000127, -11.175000190999924 ], [ 22.494930268000132, -11.120491981999976 ], [ 22.497999192000066, -11.097999572999981 ], [ 22.489031792000048, -11.068432807999898 ], [ 22.497512817000029, -11.051505087999942 ], [ 22.562000274000184, -11.031000136999978 ], [ 22.584999084000117, -11.036000250999962 ], [ 22.653579712000123, -11.082678794999936 ], [ 22.722999573000152, -11.109999655999957 ], [ 22.792999268000074, -11.111000059999867 ], [ 22.812261582000076, -11.083080767999945 ], [ 22.833003998000038, -11.081022262999909 ], [ 22.867282867000029, -11.06187534299994 ], [ 22.958999634, -11.097999572999981 ], [ 23.014282227000081, -11.10014152399998 ], [ 23.083999634000122, -11.123999594999873 ], [ 23.152202605000184, -11.093229292999979 ], [ 23.202999115000068, -11.102000235999867 ], [ 23.288977623, -11.031018256999971 ], [ 23.435529709000036, -10.938199997999959 ], [ 23.505569458000025, -10.946266173999959 ], [ 23.540447235000045, -10.95948886799988 ], [ 23.585000991000186, -10.993000030999895 ], [ 23.628999710000073, -10.991000174999954 ], [ 23.671998977000101, -11.008000373999948 ], [ 23.70793914900014, -11.007818222999902 ], [ 23.744798660000185, -10.992323874999897 ], [ 23.815473556000086, -11.027855871999975 ], [ 23.85203170800014, -11.027704238999945 ], [ 23.871999741000025, -11.017000197999948 ], [ 23.890542984000149, -10.987491130999899 ], [ 23.944999695000092, -10.954999922999889 ], [ 23.96999931400012, -10.920999526999822 ], [ 23.972999572, -10.904999731999908 ], [ 23.994904200000178, -10.892630894999968 ], [ 23.978583939000146, -10.904482286999894 ], [ 23.98108393900003, -10.914882286999955 ], [ 24.004983939000056, -10.940782286999934 ], [ 24.017583939000076, -10.975582286999895 ], [ 24.00298393900016, -11.022682286999895 ], [ 24.013483939000139, -11.090682286999822 ], [ 23.997983939000164, -11.117682286999866 ], [ 24.025083939000126, -11.139982286999953 ], [ 24.027483939000092, -11.264682286999971 ], [ 24.080073386000095, -11.379273654999906 ], [ 24.057537939000099, -11.415276286999926 ], [ 24.022337939000124, -11.437276286999975 ], [ 24.015737939000076, -11.476476286999969 ], [ 24.028837939000084, -11.510376286999815 ], [ 23.986837939000054, -11.597076286999936 ], [ 23.966837939000072, -11.658176286999947 ], [ 24.008037939000189, -11.771676286999934 ], [ 24.017437939000047, -11.82517628699992 ], [ 24.002337938999972, -11.847276286999943 ], [ 23.986737939000136, -11.905176286999847 ], [ 23.973537939000039, -12.102976286999933 ], [ 23.999537939000163, -12.195676286999969 ], [ 24.026437939000061, -12.224076286999832 ], [ 24.067937939000103, -12.29517628699989 ], [ 24.06493793900006, -12.31547628699991 ], [ 24.05233793900004, -12.331076286999973 ], [ 24.072237939000104, -12.35117628699993 ], [ 24.077537939000024, -12.37247628699987 ], [ 24.061737939000125, -12.423976286999959 ], [ 23.951721191000047, -12.534576971999968 ], [ 23.952087402000075, -12.590790350999953 ], [ 23.930480957000157, -12.664276678999954 ], [ 23.930480957000157, -12.704376775999947 ], [ 23.912902832000157, -12.731476385999883 ], [ 23.900085449000187, -12.783295232999876 ], [ 23.906677246000186, -12.822662908999973 ], [ 23.934082031000059, -12.864471990999903 ], [ 24.008728027000075, -12.914581853999891 ], [ 24.065917969000111, -12.998383123999929 ], [ 23.089294434000124, -12.99279785199991 ], [ 22.002890145000094, -12.997291325999981 ], [ 21.980037939000056, -14.51387628699996 ], [ 22.000837669000077, -16.173199533999878 ], [ 21.965480804000038, -16.141813277999915 ], [ 21.83017540100019, -16.067964552999968 ], [ 21.824619293000012, -16.033237457999974 ], [ 21.810449599000037, -16.019351958999948 ], [ 21.812677383000164, -15.996011732999932 ], [ 21.780725479000182, -15.971298217999959 ], [ 21.765724183000088, -15.944355009999924 ], [ 21.761844634, -15.912957190999975 ], [ 21.747394562000068, -15.899908064999977 ], [ 21.722660065000184, -15.899921417999906 ], [ 21.715436935000071, -15.892977714999859 ], [ 21.706272125000112, -15.851028441999972 ], [ 21.712949752999975, -15.833239555999967 ], [ 21.675987243000066, -15.813259124999945 ], [ 21.649587631000145, -15.812436103999971 ], [ 21.606243133000078, -15.771892545999947 ], [ 21.579572678000034, -15.701896665999925 ], [ 21.547616958000106, -15.677742003999867 ], [ 21.553453446000049, -15.635237692999965 ], [ 21.520944595000117, -15.611084937999976 ], [ 21.503158570000096, -15.573866843999895 ] ] ] } },
{ "type": "Feature", "properties": { "province": "Namibe" }, "geometry": { "type": "MultiPolygon", "coordinates": [ [ [ [ 11.947441101000038, -17.182004927999856 ], [ 11.858341218000021, -17.240203857999973 ], [ 11.83710193600001, -17.236919403999934 ], [ 11.820569038000031, -17.263717651999968 ], [ 11.804960107000056, -17.268864994999888 ], [ 11.752377866000131, -17.247117577999973 ], [ 11.748769857000127, -17.098194570999965 ], [ 11.764120500000047, -16.936920666999924 ], [ 11.781596750000119, -16.877685332999931 ], [ 11.773796833000176, -16.826250165999966 ], [ 11.802834556000164, -16.80686722199988 ], [ 11.82249879900013, -16.704138563999948 ], [ 11.81601842300006, -16.679814655999905 ], [ 11.825990168999965, -16.675642370999924 ], [ 11.817584464000049, -16.627593912999941 ], [ 11.826074727000048, -16.453064536999875 ], [ 11.790317399000173, -16.132241111999974 ], [ 11.789583445, -16.093335150999906 ], [ 11.804527866000114, -16.018331057999944 ], [ 11.736805558000071, -15.908888696999952 ], [ 11.732223034000185, -15.874971388999938 ], [ 11.771008893000044, -15.789847222999981 ], [ 11.786739716, -15.782911446999947 ], [ 11.790182152999989, -15.792359868999938 ], [ 11.812382245000094, -15.790449429999967 ], [ 11.814060772000175, -15.79981686099984 ], [ 11.838610649000088, -15.802360772999918 ], [ 11.880507129000023, -15.7858489649999 ], [ 11.895060686000079, -15.755651766999904 ], [ 11.908961568000052, -15.746858686999872 ], [ 11.92816441400015, -15.676428862999842 ], [ 11.967410143000109, -15.657866364999961 ], [ 11.993340441999976, -15.632127158999879 ], [ 12.019232546000012, -15.568557874999954 ], [ 12.030555, -15.486527 ], [ 12.029723000000104, -15.399582999999893 ], [ 12.052968444000157, -15.34180977799997 ], [ 12.055417, -15.233511428999975 ], [ 12.091417944000057, -15.202508721999948 ], [ 12.126831438000067, -15.18728837499998 ], [ 12.141342667000174, -15.196250082999939 ], [ 12.152361500000154, -15.185055799999816 ], [ 12.154186571000082, -15.156569142999956 ], [ 12.140555667000058, -15.127141541999947 ], [ 12.125347299999987, -15.137013399999887 ], [ 12.112496788999977, -15.13333521099986 ], [ 12.118194125000116, -15.109375124999872 ], [ 12.139366912000014, -15.056240734999903 ], [ 12.168815039000037, -15.020512293999957 ], [ 12.164097500000082, -14.990764374999912 ], [ 12.171388714000102, -14.960019713999941 ], [ 12.190583600000025, -14.951283359999877 ], [ 12.203422273000172, -14.904971908999926 ], [ 12.214421483000024, -14.896268432999932 ], [ 12.213356083000178, -14.84696758299998 ], [ 12.225277750000032, -14.834132374999967 ], [ 12.248276235000048, -14.828570117999845 ], [ 12.287778, -14.751736311999878 ], [ 12.273270353000044, -14.697405461999949 ], [ 12.295039220000035, -14.667645362999906 ], [ 12.292160222000064, -14.63072533299993 ], [ 12.300138800000127, -14.616810799999882 ], [ 12.30156748100012, -14.577604480999923 ], [ 12.353795888999969, -14.410137888999884 ], [ 12.352998067000044, -14.339448299999901 ], [ 12.368009389000065, -14.313540494999927 ], [ 12.369546795000076, -14.290558623999971 ], [ 12.355899620000059, -14.270860060999837 ], [ 12.354405266000015, -14.244345391999957 ], [ 12.334973984000044, -14.215821532999882 ], [ 12.332152724000025, -14.194166739999957 ], [ 12.333113483000034, -14.185841377999907 ], [ 12.359676149000165, -14.181185085999914 ], [ 12.370625376000078, -14.153402446999962 ], [ 12.353147666000098, -14.102083205999918 ], [ 12.361768341000072, -14.057898266999871 ], [ 12.372314476000042, -14.055770198999937 ], [ 12.391125606, -14.03347407799987 ], [ 12.397533099000043, -13.959821700999896 ], [ 12.425294729000029, -13.940950906999944 ], [ 12.421465007000052, -13.878288094999959 ], [ 12.484944630000143, -13.868736266999917 ], [ 12.491213849000076, -13.869339228999877 ], [ 12.487986406000118, -13.879806279999968 ], [ 12.510267037, -13.88081935699995 ], [ 12.525454657000068, -13.850417000999926 ], [ 12.519830385000091, -13.839578309999922 ], [ 12.525835842000049, -13.812120120999907 ], [ 12.522080641000116, -13.768880476999925 ], [ 12.530701161000025, -13.74616066599998 ], [ 12.537810943000125, -13.637710065999954 ], [ 12.52842903200002, -13.62907173699989 ], [ 12.53401447300007, -13.599791449999941 ], [ 12.549349554000116, -13.588362548999953 ], [ 12.54413875400013, -13.567048739999905 ], [ 12.553170976000104, -13.562533377999955 ], [ 12.541010468000081, -13.534933054999897 ], [ 12.550990053000078, -13.528593031999947 ], [ 12.616454063000106, -13.528882012999816 ], [ 12.662152146000096, -13.546092992999945 ], [ 12.733259101000158, -13.552720034999879 ], [ 12.779409943000076, -13.574551540999948 ], [ 12.82958045200013, -13.575576180999974 ], [ 12.873001050000084, -13.612754909999978 ], [ 12.894620948000124, -13.621628879999946 ], [ 12.981496906000075, -13.582390891999921 ], [ 13.0555927690001, -13.562058223999884 ], [ 13.072859882000159, -13.516474861999882 ], [ 13.085903056000063, -13.51441099099992 ], [ 13.09755898800006, -13.5125731199999 ], [ 13.142766976000132, -13.534016803999918 ], [ 13.218829078000113, -13.540015109999842 ], [ 13.286833882000053, -13.559638987999847 ], [ 13.30903720900011, -13.571923254999888 ], [ 13.315391540000178, -13.59555244399985 ], [ 13.292563437000069, -13.642165183999964 ], [ 13.288089752000019, -13.665489196999943 ], [ 13.295001984000123, -13.686895369999888 ], [ 13.351556779000134, -13.757013320999931 ], [ 13.382282256000167, -13.828173636999907 ], [ 13.406421662000128, -13.843210219999889 ], [ 13.451173782000126, -13.818015098999979 ], [ 13.476443291000066, -13.823052404999942 ], [ 13.520292281000081, -13.849220275999869 ], [ 13.541949273, -13.853968620999979 ], [ 13.569679833000123, -13.848439978999977 ], [ 13.588541984000187, -13.902045248999912 ], [ 13.632101060000025, -13.93095016399991 ], [ 13.639286042000151, -13.954556464999825 ], [ 13.632866859000046, -13.977046012999949 ], [ 13.588597297000035, -14.04782771999993 ], [ 13.579664230000162, -14.079195974999891 ], [ 13.617238998000118, -14.172217844999977 ], [ 13.601096152000082, -14.224168775999885 ], [ 13.61077880900018, -14.248336790999929 ], [ 13.634360314000105, -14.264183997999908 ], [ 13.65687465600007, -14.252535819999878 ], [ 13.680464744000062, -14.262821196999937 ], [ 13.672332762999986, -14.31197261799997 ], [ 13.686599731000058, -14.416398048999952 ], [ 13.686005593000118, -14.438892364999958 ], [ 13.630331040000101, -14.512714384999924 ], [ 13.624890327000173, -14.607408523999879 ], [ 13.574704171000178, -14.721779823999839 ], [ 13.515209198000093, -14.761720657999888 ], [ 13.440190315000052, -14.793873786999825 ], [ 13.367359162000128, -14.849084853999841 ], [ 13.348159790000182, -14.874073027999941 ], [ 13.300123214000052, -14.881261824999967 ], [ 13.259523392000062, -14.924017905999904 ], [ 13.259475709000128, -14.951517103999947 ], [ 13.284611702, -15.022363661999918 ], [ 13.243176460000029, -15.069847105999941 ], [ 13.23591613800005, -15.094291686999952 ], [ 13.295191765000141, -15.162089348999928 ], [ 13.287376404000156, -15.185699462999935 ], [ 13.212643622000087, -15.227352141999916 ], [ 13.21454238900003, -15.25069045999993 ], [ 13.237264633, -15.270692824999912 ], [ 13.285579682, -15.257922171999951 ], [ 13.314435005000178, -15.263484954999967 ], [ 13.31826210100013, -15.295989990999942 ], [ 13.310993196000084, -15.322377204999896 ], [ 13.332044602000167, -15.347105025999952 ], [ 13.355643273000055, -15.345165252999948 ], [ 13.380376815000147, -15.32878398999992 ], [ 13.390965461000178, -15.307680128999948 ], [ 13.418711663000124, -15.314079283999888 ], [ 13.434172630000148, -15.359914778999894 ], [ 13.421035767000035, -15.408241270999952 ], [ 13.435983658000055, -15.43074607799997 ], [ 13.483661652000023, -15.46715164099993 ], [ 13.559684754000102, -15.494955061999974 ], [ 13.553371429000094, -15.734111785999914 ], [ 13.558322906000058, -15.756056783999952 ], [ 13.606489182000075, -15.827733039999941 ], [ 13.528167725000174, -15.963005065999937 ], [ 13.490756034000071, -16.054407119999894 ], [ 13.500649453000051, -16.099416732999941 ], [ 13.541022300000179, -16.171092986999952 ], [ 13.539584160000175, -16.192485809999937 ], [ 13.517314911000142, -16.213048933999858 ], [ 13.508655548000149, -16.23472022899989 ], [ 13.45301342099998, -16.27556419299998 ], [ 13.401478768000061, -16.337802886999896 ], [ 13.382315635000168, -16.339193343999909 ], [ 13.352809905000072, -16.365587233999918 ], [ 13.341741562000095, -16.35169982799988 ], [ 13.325830459000144, -16.381980896999892 ], [ 13.294171333000065, -16.383647917999895 ], [ 13.271578789000046, -16.417266844999858 ], [ 13.241583823000155, -16.421157837999942 ], [ 13.225445746999981, -16.433101654999973 ], [ 13.20256614699997, -16.467275618999849 ], [ 13.243253709000101, -16.504777908999927 ], [ 13.262253762, -16.549777984999935 ], [ 13.226238252000087, -16.599508284999956 ], [ 13.201181412000096, -16.615898132999916 ], [ 13.178397178000125, -16.618673322999939 ], [ 13.155252458000064, -16.640344618999961 ], [ 13.135041236000063, -16.685068129999934 ], [ 13.142690659000152, -16.709238051999932 ], [ 13.16311454900017, -16.733968733999973 ], [ 13.307927132000032, -16.873170851999873 ], [ 13.335140228000114, -16.922138212999926 ], [ 13.342735291000167, -16.967969893999907 ], [ 13.328126907000069, -16.981966971999952 ], [ 13.287739754000029, -16.985828399999946 ], [ 13.27037477500005, -16.995847223999874 ], [ 13.227188111000089, -16.981670379999969 ], [ 13.203687907000074, -16.981920718999902 ], [ 13.194274902000075, -16.963575362999904 ], [ 13.182101250000017, -16.968697546999977 ], [ 13.142431259000148, -16.959890364999922 ], [ 13.094838143000118, -16.977760313999966 ], [ 13.066578865000167, -16.973590849999937 ], [ 12.983258248000141, -16.983705520999877 ], [ 12.945685387000026, -17.017604826999957 ], [ 12.918051720000051, -17.020578383999975 ], [ 12.896711350000032, -17.042270659999872 ], [ 12.875531196000168, -17.04582023599994 ], [ 12.870846748000133, -17.064716338999858 ], [ 12.822520256000189, -17.086362838999946 ], [ 12.804570676000083, -17.115547179999908 ], [ 12.777506829000174, -17.121145248999937 ], [ 12.709675789000187, -17.168533324999942 ], [ 12.697949408999989, -17.166406631999962 ], [ 12.653929711000046, -17.184858321999968 ], [ 12.613938332000032, -17.209001540999964 ], [ 12.604594258000191, -17.229342105999933 ], [ 12.579882622000127, -17.23001670799988 ], [ 12.565638542000158, -17.242143630999976 ], [ 12.548397064000028, -17.239858626999933 ], [ 12.529168130000073, -17.248617171999967 ], [ 12.497625352000057, -17.24836540299998 ], [ 12.487958909000042, -17.241609572999948 ], [ 12.450778962000129, -17.264150619999896 ], [ 12.440452576000155, -17.261075018999975 ], [ 12.434783934999984, -17.216611861999922 ], [ 12.425839423000127, -17.209383010999829 ], [ 12.405494690000182, -17.206895826999983 ], [ 12.398280144000125, -17.220310210999969 ], [ 12.38656520800015, -17.219770429999983 ], [ 12.376203537000038, -17.230466841999942 ], [ 12.353340148000029, -17.219280241999911 ], [ 12.288292885000089, -17.238249300999939 ], [ 12.271320343000127, -17.231559752999942 ], [ 12.249007393000113, -17.236358237999866 ], [ 12.188009261000104, -17.197254179999902 ], [ 12.167506218000028, -17.158584594999979 ], [ 12.109416961000079, -17.159002302999966 ], [ 12.083041190000074, -17.144130705999885 ], [ 12.065599442000064, -17.155698774999905 ], [ 12.046451568000066, -17.152238845999932 ], [ 12.00151551200014, -17.171097438999936 ], [ 11.947441101000038, -17.182004927999856 ] ] ], [ [ [ 11.777396018000161, -16.815941350999935 ], [ 11.772747555000024, -16.77458311099997 ], [ 11.786550400000181, -16.766494079999916 ], [ 11.777396018000161, -16.815941350999935 ] ] ], [ [ [ 11.820335174000093, -16.671106173999931 ], [ 11.818611145000148, -16.665138879999972 ], [ 11.822093099000142, -16.661775181999928 ], [ 11.820335174000093, -16.671106173999931 ] ] ], [ [ [ 11.7136107500001, -16.508958249999978 ], [ 11.72446175000016, -16.567727624999975 ], [ 11.718277550000039, -16.579638599999953 ], [ 11.728194111000164, -16.609273388999952 ], [ 11.729295500000035, -16.666368785999907 ], [ 11.737974714000188, -16.680694142999926 ], [ 11.73437202100007, -16.70917220799987 ], [ 11.703995235000036, -16.666853058999948 ], [ 11.66870333300011, -16.553473666999935 ], [ 11.6766883680001, -16.527199946999929 ], [ 11.69407036399997, -16.510833044999913 ], [ 11.7136107500001, -16.508958249999978 ] ] ], [ [ [ 11.838830248000022, -15.781853023999872 ], [ 11.854232178000018, -15.781338576999929 ], [ 11.853650517000119, -15.786215569999968 ], [ 11.838830248000022, -15.781853023999872 ] ] ] ] } },
{ "type": "Feature", "properties": { "province": "Uíge" }, "geometry": { "type": "Polygon", "coordinates": [ [ [ 14.65188026400017, -8.205251693999969 ], [ 14.713373185000023, -8.112698554999952 ], [ 14.720012664000024, -8.090186118999952 ], [ 14.716363908000119, -8.023488043999919 ], [ 14.728784560000179, -7.927599905999955 ], [ 14.723778725000159, -7.901758192999978 ], [ 14.700758934000191, -7.882581233999929 ], [ 14.628400802999977, -7.879250049999882 ], [ 14.551624297999979, -7.902042865999931 ], [ 14.503672599000026, -7.90759801899992 ], [ 14.433263779000129, -7.900656222999942 ], [ 14.315161705000037, -7.842833040999892 ], [ 14.237528800000064, -7.745789050999917 ], [ 14.198733329999982, -7.706852911999931 ], [ 14.176848412000083, -7.699335096999903 ], [ 14.155243874000064, -7.680140972999936 ], [ 14.15579414299998, -7.658174037999856 ], [ 14.136403084000051, -7.635368824999944 ], [ 14.114527702000032, -7.628127097999936 ], [ 14.071067810000045, -7.632270811999945 ], [ 13.978635788000076, -7.624415873999908 ], [ 13.955671310000184, -7.632183074999887 ], [ 13.86660766600005, -7.630715846999976 ], [ 13.824855805000027, -7.619830131999947 ], [ 13.846120834000146, -7.557023047999962 ], [ 13.875431060000039, -7.545095919999881 ], [ 13.918863297000144, -7.54234886099988 ], [ 13.950388908000093, -7.504840850999926 ], [ 13.960400581000044, -7.50643682499998 ], [ 13.969475747000047, -7.48873090799998 ], [ 13.95645523100012, -7.466484068999932 ], [ 13.913813591000121, -7.438940047999949 ], [ 13.902721406000126, -7.416698932999964 ], [ 13.90269470200019, -7.394742965999967 ], [ 13.863052368000069, -7.35499000599998 ], [ 13.861625671000013, -7.330258844999946 ], [ 13.878157615000077, -7.285252093999929 ], [ 13.937259101000052, -7.218159960999969 ], [ 13.941676139000094, -7.193033216999936 ], [ 13.898107528000082, -7.164418220999949 ], [ 13.858080864000101, -7.122766971999908 ], [ 13.835010528000112, -7.028663157999972 ], [ 13.802635764000172, -6.97978229499995 ], [ 13.815908433000118, -6.968441009999935 ], [ 13.851960183000017, -6.963418006999973 ], [ 13.906927108000104, -6.970589160999964 ], [ 13.940202713000076, -6.965299127999913 ], [ 14.029273034000141, -6.888902187999975 ], [ 14.149042129000179, -6.85749006199984 ], [ 14.19889068700013, -6.825261115999979 ], [ 14.241319655000098, -6.814146042999937 ], [ 14.261156082000127, -6.764151094999932 ], [ 14.27912902900016, -6.741097926999942 ], [ 14.282394410000052, -6.719437121999874 ], [ 14.340858459000117, -6.681375980999974 ], [ 14.362220763000153, -6.675540922999915 ], [ 14.433877946000052, -6.683294773999933 ], [ 14.500990868000088, -6.653563022999833 ], [ 14.540697098000066, -6.601996897999925 ], [ 14.612230301000181, -6.603818891999879 ], [ 14.681630135000091, -6.590470790999916 ], [ 14.787656784000148, -6.545447826999975 ], [ 14.813958168000113, -6.488502025999878 ], [ 14.892141342000059, -6.372107028999892 ], [ 14.931842805000031, -6.341547011999921 ], [ 14.984691143000077, -6.268484114999978 ], [ 14.908519745000149, -6.215446947999965 ], [ 14.891221047000045, -6.193505762999962 ], [ 14.890621948000103, -6.110395239999946 ], [ 14.877684592000094, -6.06847476899992 ], [ 14.852943420000088, -6.022624014999963 ], [ 14.771222114000125, -5.91259288699996 ], [ 14.761188507000156, -5.881161370999905 ], [ 14.962183952000032, -5.87342357599988 ], [ 15.240985871000191, -5.873382091999929 ], [ 15.295384408000132, -5.879888533999917 ], [ 15.293682801000102, -5.873894144999895 ], [ 15.525871276000089, -5.876889228999914 ], [ 15.670105934, -5.87010192799994 ], [ 15.77139926000001, -5.880055306999964 ], [ 16.141273498000146, -5.869705676999899 ], [ 16.139430999000183, -5.85864305399997 ], [ 16.144891738000183, -5.858722209999939 ], [ 16.19487953200013, -5.859861850999891 ], [ 16.222213746000136, -5.868618010999967 ], [ 16.365940093000177, -5.86468982699995 ], [ 16.384796143000187, -5.868004082999903 ], [ 16.404470444000083, -5.888360023999894 ], [ 16.443349838000188, -5.89615011099994 ], [ 16.512058258000081, -5.878748892999965 ], [ 16.599737167000114, -5.918553828999961 ], [ 16.600593567000089, -5.942235945999926 ], [ 16.589187622000054, -5.966660022999918 ], [ 16.591520309000032, -5.978348254999958 ], [ 16.605888128, -5.987738727999954 ], [ 16.598308564000149, -6.001808166999922 ], [ 16.606851579000079, -6.042363641999884 ], [ 16.59902572600015, -6.058826446999944 ], [ 16.602499008000109, -6.06548881599997 ], [ 16.622580528000071, -6.060849904999941 ], [ 16.63246854199997, -6.066873231999921 ], [ 16.625289916000042, -6.075281142999813 ], [ 16.608062744, -6.075354098999981 ], [ 16.606725694000033, -6.085706233999872 ], [ 16.642750740000054, -6.096712588999878 ], [ 16.645523072000117, -6.127395629999967 ], [ 16.659528733000116, -6.124348163999969 ], [ 16.670623778000049, -6.137867927999935 ], [ 16.689133644000151, -6.139513491999935 ], [ 16.721578598000065, -6.166262863999918 ], [ 16.721149445000151, -6.17996215799991 ], [ 16.729465485000048, -6.188204763999977 ], [ 16.725900651000188, -6.212364195999896 ], [ 16.71037483300006, -6.235652922999975 ], [ 16.718532563000167, -6.259529113999974 ], [ 16.70948028600003, -6.290836810999963 ], [ 16.724899291999975, -6.344111919999875 ], [ 16.719682694000028, -6.359997748999945 ], [ 16.690006256000061, -6.355525969999974 ], [ 16.688209534000066, -6.364271163999945 ], [ 16.702784653000151, -6.373588470999948 ], [ 16.690689086000077, -6.405642032999936 ], [ 16.713230132000092, -6.407615184999941 ], [ 16.729845048000129, -6.419729232999885 ], [ 16.729669570000169, -6.43191385199998 ], [ 16.711112976000095, -6.446247100999926 ], [ 16.735727918000123, -6.48028093999983 ], [ 16.727230073000044, -6.500891208999917 ], [ 16.761309624000091, -6.525905608999892 ], [ 16.749408722000055, -6.572976111999935 ], [ 16.77656936700015, -6.593996046999905 ], [ 16.797777939000071, -6.694725035999966 ], [ 16.825863521000031, -6.71365149799982 ], [ 16.829864502000078, -6.76041364699995 ], [ 16.871711731000119, -6.805274961999885 ], [ 16.876281738000159, -6.846850872999823 ], [ 16.895427705000088, -6.858026980999966 ], [ 16.915416717000028, -6.852880954999932 ], [ 16.920526504000122, -6.863198756999907 ], [ 16.937812806000068, -6.870013235999863 ], [ 16.936883927000054, -6.915060043999972 ], [ 16.946897022000087, -6.931220602999872 ], [ 16.93873977700008, -6.966066836999971 ], [ 16.950086594000027, -6.980721950999964 ], [ 16.970886856000163, -6.983726177999927 ], [ 16.980157853000094, -7.013443946999871 ], [ 16.968656540000154, -7.073065041999939 ], [ 16.95427227000016, -7.078305720999936 ], [ 16.938974380000047, -7.060733794999976 ], [ 16.928890228000057, -7.068592070999955 ], [ 16.928045273000066, -7.084219932999872 ], [ 16.950215340000057, -7.124797581999871 ], [ 16.953691482000067, -7.152571200999887 ], [ 16.970350266000139, -7.170185088999972 ], [ 16.954788209000128, -7.188635825999881 ], [ 16.953710556000033, -7.203343867999934 ], [ 16.988595962999966, -7.230751991999909 ], [ 17.00394630500017, -7.263301849999891 ], [ 17.005510331000096, -7.300049781999917 ], [ 17.030548096000018, -7.29786920499987 ], [ 17.045230865000121, -7.321190832999946 ], [ 17.064838408000014, -7.327478884999948 ], [ 17.076461793000135, -7.342782973999931 ], [ 17.109630585000048, -7.346213817999967 ], [ 17.116399764000164, -7.357647895999833 ], [ 17.112797737999983, -7.390430369999933 ], [ 17.086631775000114, -7.379106998999873 ], [ 17.039659501000131, -7.39322376299998 ], [ 16.976175308, -7.453123091999942 ], [ 16.974918365, -7.526027202999899 ], [ 16.960868836000088, -7.57000017199988 ], [ 16.935693741000136, -7.591436862999956 ], [ 16.891120910000154, -7.603696822999893 ], [ 16.845693589000177, -7.59926080799994 ], [ 16.801898957000162, -7.575075148999872 ], [ 16.679344177000075, -7.419105052999896 ], [ 16.651060104000123, -7.345150947999912 ], [ 16.606756210000071, -7.320153235999896 ], [ 16.584884643000066, -7.319605827999908 ], [ 16.39825248700015, -7.388611793999928 ], [ 16.355600356000082, -7.419760226999927 ], [ 16.333177566000018, -7.466188906999889 ], [ 16.283251052000026, -7.535282611999889 ], [ 16.237071992000097, -7.551817893999953 ], [ 16.216024398000116, -7.575442790999944 ], [ 16.191642761000082, -7.584620951999909 ], [ 16.116821290000019, -7.582118033999961 ], [ 16.058914184000173, -7.610473155999955 ], [ 16.064214707000076, -7.685525894999955 ], [ 16.123916625000106, -7.852597235999895 ], [ 16.138704300000029, -7.974631786999907 ], [ 16.10992050100009, -8.01716136999994 ], [ 16.102788925000141, -8.095549582999979 ], [ 16.077331542000081, -8.140853880999941 ], [ 16.031625748000067, -8.175041197999917 ], [ 15.984495164000066, -8.172526359999949 ], [ 15.95928096800003, -8.184200286999953 ], [ 15.94073295600009, -8.209210394999957 ], [ 15.915520667000123, -8.226443289999906 ], [ 15.805282594000118, -8.210481643999969 ], [ 15.800368309000191, -8.113851545999978 ], [ 15.786771774000101, -8.099677086999975 ], [ 15.771262169000124, -8.111068725999928 ], [ 15.760170937000112, -8.108015059999957 ], [ 15.747111320000045, -8.071323394999865 ], [ 15.746822357000042, -8.060759542999961 ], [ 15.775929451000138, -8.055482863999885 ], [ 15.775638580000134, -8.046587943999953 ], [ 15.739869118000172, -8.027123451999898 ], [ 15.718739509000102, -8.004778098999964 ], [ 15.627579689000072, -8.00654983499993 ], [ 15.592122078000045, -8.039899825999896 ], [ 15.533330918, -8.058288574999949 ], [ 15.491155624000044, -8.054640768999946 ], [ 15.462655068000061, -8.041003226999976 ], [ 15.454006196000137, -7.963734148999947 ], [ 15.412267209000106, -7.934406041999978 ], [ 15.289876936999974, -7.93676710099993 ], [ 15.198689462000061, -7.958445070999971 ], [ 15.206484795000165, -8.01097488299996 ], [ 15.185435296000151, -8.044882773999916 ], [ 15.182125091000103, -8.070174216999817 ], [ 15.18878460000019, -8.077118872999961 ], [ 15.20846176200007, -8.07017516999997 ], [ 15.230102539000143, -8.091293333999886 ], [ 15.22900295200003, -8.10297107599996 ], [ 15.207400322000183, -8.136045455999977 ], [ 15.206337927999982, -8.19857978899995 ], [ 15.198022843000103, -8.202469825999913 ], [ 15.18917465100003, -8.228594779999924 ], [ 15.170325280000156, -8.231374740999911 ], [ 15.163410185999965, -8.25249290499994 ], [ 15.137075424999978, -8.254715918999921 ], [ 15.123523712000065, -8.296961783999848 ], [ 15.068346977000033, -8.290571211999975 ], [ 15.022755622000147, -8.316371509999897 ], [ 15.005152703000022, -8.313082693999831 ], [ 14.96576118500019, -8.282508848999953 ], [ 14.914742469000032, -8.277506827999957 ], [ 14.879006387000118, -8.311136245999876 ], [ 14.86323166000011, -8.357549667999933 ], [ 14.821423531000107, -8.398991584999976 ], [ 14.780651093000017, -8.41229915599996 ], [ 14.744835854000087, -8.409264563999955 ], [ 14.70501117800012, -8.392107391999957 ], [ 14.668314458000111, -8.39756584099996 ], [ 14.637527466000108, -8.303074835999894 ], [ 14.638878821999981, -8.251665113999934 ], [ 14.65188026400017, -8.205251693999969 ] ] ] } },
{ "type": "Feature", "properties": { "province": "Zaire" }, "geometry": { "type": "Polygon", "coordinates": [ [ [ 13.313203906000183, -7.715490907999936 ], [ 13.291426830000091, -7.748356908999938 ], [ 13.253146086000186, -7.733583962999944 ], [ 13.21754477900015, -7.767165090999981 ], [ 13.168093841000029, -7.786478020999823 ], [ 13.08867432400001, -7.801825715999939 ], [ 13.074186830000031, -7.783930162999866 ], [ 13.061052496000059, -7.753409319999889 ], [ 13.056449556000018, -7.714428829999974 ], [ 13.027870178000057, -7.659466954999971 ], [ 13.022361516999979, -7.630555231999949 ], [ 12.997977234000132, -7.598342944999956 ], [ 13.00500998300015, -7.576286779999919 ], [ 12.97879329500006, -7.536585932999913 ], [ 12.952664431000187, -7.45696663699988 ], [ 12.936685426000111, -7.434759366999913 ], [ 12.91263741299997, -7.333611010999903 ], [ 12.853450858000031, -7.268766050999943 ], [ 12.856296063000173, -7.220277547999956 ], [ 12.843240103000085, -7.150069037999913 ], [ 12.849444231000064, -7.107170501999974 ], [ 12.828271467999969, -7.028136729999915 ], [ 12.828049586000077, -6.99060023699991 ], [ 12.75769426700009, -6.893731317999936 ], [ 12.750624663999986, -6.871359813999902 ], [ 12.562373843000159, -6.662136008999937 ], [ 12.553498549000153, -6.629419718999884 ], [ 12.502083540000172, -6.551527817999954 ], [ 12.394444604000171, -6.32302654199998 ], [ 12.276110875000029, -6.148043916999882 ], [ 12.274998917000062, -6.114189707999913 ], [ 12.284377400000039, -6.114206854999907 ], [ 12.278355630000078, -6.107996155999956 ], [ 12.330422971000189, -6.078620881999939 ], [ 12.323269529000186, -6.103540881999891 ], [ 12.306193844000177, -6.110892874999877 ], [ 12.316875909000032, -6.112550454999905 ], [ 12.31804304800005, -6.137369243999956 ], [ 12.326716595000107, -6.135481978999962 ], [ 12.323969789000046, -6.119385631999933 ], [ 12.400190407000139, -6.11403399999989 ], [ 12.401855970000042, -6.10798430299991 ], [ 12.429748098000175, -6.103245234999974 ], [ 12.444777700000088, -6.104875199999981 ], [ 12.453152493000175, -6.118609266999954 ], [ 12.460074500000076, -6.114673885999935 ], [ 12.453687562000084, -6.082804785999883 ], [ 12.542316436000135, -6.055190085999868 ], [ 12.620997428000067, -6.017598151999891 ], [ 12.699677467000186, -6.009730815999887 ], [ 12.753878593000024, -5.97738504299997 ], [ 12.826439857000025, -5.972138881999911 ], [ 12.8938751230001, -5.946836470999926 ], [ 13.018744470000115, -5.87655099199992 ], [ 13.047243119000086, -5.870498178999924 ], [ 13.079641342000116, -5.872715949999929 ], [ 13.102681160000031, -5.894274233999965 ], [ 13.12267971100016, -5.900893210999868 ], [ 13.184692860000041, -5.874846695999963 ], [ 13.247781754000073, -5.865145205999966 ], [ 13.34898, -5.900966 ], [ 13.360389858000133, -5.899747104999904 ], [ 13.372708, -5.867332000999966 ], [ 13.426150322000183, -5.862030029999971 ], [ 13.438887596000143, -5.877844332999928 ], [ 13.481648923000023, -5.873857735999934 ], [ 13.542424203000053, -5.895678043999965 ], [ 13.551151275000052, -5.894588469999917 ], [ 13.52475357000003, -5.87563705499997 ], [ 13.816721916, -5.878886699999896 ], [ 13.987770558000079, -5.842859505999911 ], [ 14.038133621000043, -5.88421392399988 ], [ 14.078564643999982, -5.866389988999856 ], [ 14.163991929000076, -5.868791103999911 ], [ 14.177256582999973, -5.861607074999881 ], [ 14.231591224000169, -5.889224051999975 ], [ 14.295200348000037, -5.882301806999919 ], [ 14.397648811000124, -5.899762152999926 ], [ 14.458629608000081, -5.901175021999904 ], [ 14.509123802000147, -5.890380858999947 ], [ 14.59514141000011, -5.910245893999956 ], [ 14.70029799200006, -5.881040095999936 ], [ 14.761188507000156, -5.881161370999905 ], [ 14.771222114000125, -5.91259288699996 ], [ 14.852943420000088, -6.022624014999963 ], [ 14.877684592000094, -6.06847476899992 ], [ 14.890621948000103, -6.110395239999946 ], [ 14.891221047000045, -6.193505762999962 ], [ 14.908519745000149, -6.215446947999965 ], [ 14.984691143000077, -6.268484114999978 ], [ 14.931842805000031, -6.341547011999921 ], [ 14.892141342000059, -6.372107028999892 ], [ 14.813958168000113, -6.488502025999878 ], [ 14.787656784000148, -6.545447826999975 ], [ 14.681630135000091, -6.590470790999916 ], [ 14.612230301000181, -6.603818891999879 ], [ 14.540697098000066, -6.601996897999925 ], [ 14.500990868000088, -6.653563022999833 ], [ 14.433877946000052, -6.683294773999933 ], [ 14.362220763000153, -6.675540922999915 ], [ 14.340858459000117, -6.681375980999974 ], [ 14.282394410000052, -6.719437121999874 ], [ 14.27912902900016, -6.741097926999942 ], [ 14.261156082000127, -6.764151094999932 ], [ 14.241319655000098, -6.814146042999937 ], [ 14.19889068700013, -6.825261115999979 ], [ 14.149042129000179, -6.85749006199984 ], [ 14.029273034000141, -6.888902187999975 ], [ 13.940202713000076, -6.965299127999913 ], [ 13.815908433000118, -6.968441009999935 ], [ 13.802635764000172, -6.97978229499995 ], [ 13.835010528000112, -7.028663157999972 ], [ 13.858080864000101, -7.122766971999908 ], [ 13.898107528000082, -7.164418220999949 ], [ 13.941676139000094, -7.193033216999936 ], [ 13.937259101000052, -7.218159960999969 ], [ 13.878157615000077, -7.285252093999929 ], [ 13.861625671000013, -7.330258844999946 ], [ 13.863052368000069, -7.35499000599998 ], [ 13.90269470200019, -7.394742965999967 ], [ 13.902721406000126, -7.416698932999964 ], [ 13.913813591000121, -7.438940047999949 ], [ 13.95645523100012, -7.466484068999932 ], [ 13.969475747000047, -7.48873090799998 ], [ 13.960400581000044, -7.50643682499998 ], [ 13.950388908000093, -7.504840850999926 ], [ 13.909733772000152, -7.547345159999907 ], [ 13.875431060000039, -7.545095919999881 ], [ 13.846120834000146, -7.557023047999962 ], [ 13.818497657000137, -7.626500128999965 ], [ 13.729235649000145, -7.675054073999945 ], [ 13.705752373999985, -7.677248 ], [ 13.686681748000012, -7.668893812999954 ], [ 13.656303407000166, -7.676365852999936 ], [ 13.626495362000185, -7.702175139999952 ], [ 13.607155799000111, -7.700209140999903 ], [ 13.590324402000022, -7.71131181599992 ], [ 13.53647232100019, -7.718499182999949 ], [ 13.513023376000035, -7.736268042999882 ], [ 13.467103005000126, -7.736721514999942 ], [ 13.420128822000038, -7.698432921999938 ], [ 13.399591445000112, -7.691564082999946 ], [ 13.313203906000183, -7.715490907999936 ] ] ] } }
]
}
